ORDER_COUNT_Sum_L6M,ORDER_COUNT_Sum_L1M,PAYMENT_TYPE_boleto_PAYMENT_VALUE_Sum_L1M,PAYMENT_TYPE_credit_card_ORDER_COUNT_Sum_L1M,PAYMENT_TYPE_voucher_ORDER_COUNT_Sum_L1M,ORDER_COUNT_Sum_L3M,ORDER_COUNT_Mean_L3M,ORDER_COUNT_Median_L3M,PAYMENT_TYPE_boleto_PAYMENT_VALUE_Sum_L3M,PAYMENT_TYPE_boleto_PAYMENT_VALUE_Mean_L3M,PAYMENT_TYPE_boleto_PAYMENT_VALUE_Median_L3M,PAYMENT_TYPE_credit_card_PAYMENT_VALUE_Sum_L3M,PAYMENT_TYPE_boleto_ORDER_COUNT_Sum_L3M,PAYMENT_TYPE_boleto_ORDER_COUNT_Mean_L3M,PAYMENT_TYPE_boleto_ORDER_COUNT_Median_L3M,PAYMENT_TYPE_credit_card_ORDER_COUNT_Sum_L3M,PAYMENT_TYPE_credit_card_ORDER_COUNT_Mean_L3M,PAYMENT_TYPE_credit_card_ORDER_COUNT_Median_L3M,PAYMENT_TYPE_voucher_ORDER_COUNT_Sum_L3M,PAYMENT_TYPE_voucher_ORDER_COUNT_Mean_L3M,PAYMENT_TYPE_voucher_ORDER_COUNT_Median_L3M,ORDER_COUNT_Mean_L6M,ORDER_COUNT_Median_L6M,PAYMENT_TYPE_boleto_PAYMENT_VALUE_Sum_L6M,PAYMENT_TYPE_boleto_PAYMENT_VALUE_Mean_L6M,PAYMENT_TYPE_boleto_PAYMENT_VALUE_Median_L6M,PAYMENT_TYPE_credit_card_ORDER_COUNT_Sum_L6M,PAYMENT_TYPE_credit_card_ORDER_COUNT_Mean_L6M,PAYMENT_TYPE_credit_card_ORDER_COUNT_Median_L6M,DAYS_LAST_TRANSACT_PAYMENT_TYPE_voucher_ORDER,PAYMENT_TYPE_voucher_ORDER_COUNT_Sum_L6M,PAYMENT_TYPE_voucher_ORDER_COUNT_Mean_L6M,PAYMENT_TYPE_voucher_ORDER_COUNT_Median_L6M,prediction
1.0,1.0,0.0,1.0,0.0,1.0,1.0,1.0,0.0,0.0,0.0,141.9,0.0,0.0,0.0,1.0,1.0,1.0,0.0,0.0,0.0,1.0,1.0,0.0,0.0,0.0,1.0,1.0,1.0,999.0,0.0,0.0,0.0,Y
1.0,1.0,0.0,1.0,0.0,1.0,1.0,1.0,0.0,0.0,0.0,27.189999,0.0,0.0,0.0,1.0,1.0,1.0,0.0,0.0,0.0,1.0,1.0,0.0,0.0,0.0,1.0,1.0,1.0,999.0,0.0,0.0,0.0,Y
1.0,1.0,0.0,1.0,0.0,1.0,1.0,1.0,0.0,0.0,0.0,86.22,0.0,0.0,0.0,1.0,1.0,1.0,0.0,0.0,0.0,1.0,1.0,0.0,0.0,0.0,1.0,1.0,1.0,999.0,0.0,0.0,0.0,Y
1.0,1.0,0.0,1.0,0.0,1.0,1.0,1.0,0.0,0.0,0.0,43.62,0.0,0.0,0.0,1.0,1.0,1.0,0.0,0.0,0.0,1.0,1.0,0.0,0.0,0.0,1.0,1.0,1.0,999.0,0.0,0.0,0.0,Y
1.0,1.0,0.0,1.0,0.0,1.0,1.0,1.0,0.0,0.0,0.0,196.89,0.0,0.0,0.0,1.0,1.0,1.0,0.0,0.0,0.0,1.0,1.0,0.0,0.0,0.0,1.0,1.0,1.0,999.0,0.0,0.0,0.0,N
1.0,1.0,0.0,1.0,0.0,1.0,1.0,1.0,0.0,0.0,0.0,166.98,0.0,0.0,0.0,1.0,1.0,1.0,0.0,0.0,0.0,1.0,1.0,0.0,0.0,0.0,1.0,1.0,1.0,999.0,0.0,0.0,0.0,N
1.0,1.0,35.379999,0.0,0.0,1.0,1.0,1.0,35.379999,35.379999,35.379999,0.0,1.0,1.0,1.0,0.0,0.0,0.0,0.0,0.0,0.0,1.0,1.0,35.379999,35.379999,35.379999,0.0,0.0,0.0,999.0,0.0,0.0,0.0,Y
1.0,1.0,0.0,1.0,0.0,1.0,1.0,1.0,0.0,0.0,0.0,838.36,0.0,0.0,0.0,1.0,1.0,1.0,0.0,0.0,0.0,1.0,1.0,0.0,0.0,0.0,1.0,1.0,1.0,999.0,0.0,0.0,0.0,N
1.0,1.0,0.0,1.0,0.0,1.0,1.0,1.0,0.0,0.0,0.0,150.12,0.0,0.0,0.0,1.0,1.0,1.0,0.0,0.0,0.0,1.0,1.0,0.0,0.0,0.0,1.0,1.0,1.0,999.0,0.0,0.0,0.0,Y
1.0,1.0,0.0,1.0,0.0,1.0,1.0,1.0,0.0,0.0,0.0,129.76,0.0,0.0,0.0,1.0,1.0,1.0,0.0,0.0,0.0,1.0,1.0,0.0,0.0,0.0,1.0,1.0,1.0,999.0,0.0,0.0,0.0,Y
1.0,1.0,0.0,1.0,0.0,1.0,1.0,1.0,0.0,0.0,0.0,29.0,0.0,0.0,0.0,1.0,1.0,1.0,0.0,0.0,0.0,1.0,1.0,0.0,0.0,0.0,1.0,1.0,1.0,999.0,0.0,0.0,0.0,Y
1.0,1.0,126.259999,0.0,0.0,1.0,1.0,1.0,126.259999,126.259999,126.259999,0.0,1.0,1.0,1.0,0.0,0.0,0.0,0.0,0.0,0.0,1.0,1.0,126.259999,126.259999,126.259999,0.0,0.0,0.0,999.0,0.0,0.0,0.0,N
1.0,1.0,0.0,1.0,0.0,1.0,1.0,1.0,0.0,0.0,0.0,63.66,0.0,0.0,0.0,1.0,1.0,1.0,0.0,0.0,0.0,1.0,1.0,0.0,0.0,0.0,1.0,1.0,1.0,999.0,0.0,0.0,0.0,Y
1.0,1.0,82.05,0.0,0.0,1.0,1.0,1.0,82.05,82.05,82.05,0.0,1.0,1.0,1.0,0.0,0.0,0.0,0.0,0.0,0.0,1.0,1.0,82.05,82.05,82.05,0.0,0.0,0.0,999.0,0.0,0.0,0.0,N
1.0,1.0,0.0,1.0,0.0,1.0,1.0,1.0,0.0,0.0,0.0,91.28,0.0,0.0,0.0,1.0,1.0,1.0,0.0,0.0,0.0,1.0,1.0,0.0,0.0,0.0,1.0,1.0,1.0,999.0,0.0,0.0,0.0,Y
1.0,1.0,0.0,1.0,0.0,1.0,1.0,1.0,0.0,0.0,0.0,46.85,0.0,0.0,0.0,1.0,1.0,1.0,0.0,0.0,0.0,1.0,1.0,0.0,0.0,0.0,1.0,1.0,1.0,999.0,0.0,0.0,0.0,Y
1.0,1.0,0.0,1.0,0.0,1.0,1.0,1.0,0.0,0.0,0.0,29.0,0.0,0.0,0.0,1.0,1.0,1.0,0.0,0.0,0.0,1.0,1.0,0.0,0.0,0.0,1.0,1.0,1.0,999.0,0.0,0.0,0.0,Y
1.0,1.0,0.0,1.0,0.0,1.0,1.0,1.0,0.0,0.0,0.0,36.68,0.0,0.0,0.0,1.0,1.0,1.0,0.0,0.0,0.0,1.0,1.0,0.0,0.0,0.0,1.0,1.0,1.0,999.0,0.0,0.0,0.0,Y
1.0,1.0,0.0,1.0,0.0,1.0,1.0,1.0,0.0,0.0,0.0,514.88,0.0,0.0,0.0,1.0,1.0,1.0,0.0,0.0,0.0,1.0,1.0,0.0,0.0,0.0,1.0,1.0,1.0,999.0,0.0,0.0,0.0,N
1.0,1.0,0.0,1.0,0.0,1.0,1.0,1.0,0.0,0.0,0.0,20.75,0.0,0.0,0.0,1.0,1.0,1.0,0.0,0.0,0.0,1.0,1.0,0.0,0.0,0.0,1.0,1.0,1.0,999.0,0.0,0.0,0.0,Y
1.0,1.0,0.0,1.0,0.0,1.0,1.0,1.0,0.0,0.0,0.0,325.93,0.0,0.0,0.0,1.0,1.0,1.0,0.0,0.0,0.0,1.0,1.0,0.0,0.0,0.0,1.0,1.0,1.0,999.0,0.0,0.0,0.0,N
1.0,1.0,0.0,1.0,0.0,1.0,1.0,1.0,0.0,0.0,0.0,61.8,0.0,0.0,0.0,1.0,1.0,1.0,0.0,0.0,0.0,1.0,1.0,0.0,0.0,0.0,1.0,1.0,1.0,999.0,0.0,0.0,0.0,Y
1.0,1.0,0.0,1.0,0.0,1.0,1.0,1.0,0.0,0.0,0.0,424.32,0.0,0.0,0.0,1.0,1.0,1.0,0.0,0.0,0.0,1.0,1.0,0.0,0.0,0.0,1.0,1.0,1.0,999.0,0.0,0.0,0.0,N
1.0,1.0,0.0,1.0,0.0,1.0,1.0,1.0,0.0,0.0,0.0,76.11,0.0,0.0,0.0,1.0,1.0,1.0,0.0,0.0,0.0,1.0,1.0,0.0,0.0,0.0,1.0,1.0,1.0,999.0,0.0,0.0,0.0,Y
1.0,1.0,0.0,1.0,0.0,1.0,1.0,1.0,0.0,0.0,0.0,297.14,0.0,0.0,0.0,1.0,1.0,1.0,0.0,0.0,0.0,1.0,1.0,0.0,0.0,0.0,1.0,1.0,1.0,999.0,0.0,0.0,0.0,N
1.0,1.0,0.0,1.0,0.0,1.0,1.0,1.0,0.0,0.0,0.0,192.829999,0.0,0.0,0.0,1.0,1.0,1.0,0.0,0.0,0.0,1.0,1.0,0.0,0.0,0.0,1.0,1.0,1.0,999.0,0.0,0.0,0.0,N
1.0,1.0,0.0,1.0,0.0,1.0,1.0,1.0,0.0,0.0,0.0,117.94,0.0,0.0,0.0,1.0,1.0,1.0,0.0,0.0,0.0,1.0,1.0,0.0,0.0,0.0,1.0,1.0,1.0,999.0,0.0,0.0,0.0,Y
1.0,1.0,155.65,0.0,0.0,1.0,1.0,1.0,155.65,155.65,155.65,0.0,1.0,1.0,1.0,0.0,0.0,0.0,0.0,0.0,0.0,1.0,1.0,155.65,155.65,155.65,0.0,0.0,0.0,999.0,0.0,0.0,0.0,N
1.0,1.0,0.0,1.0,0.0,1.0,1.0,1.0,0.0,0.0,0.0,99.82,0.0,0.0,0.0,1.0,1.0,1.0,0.0,0.0,0.0,1.0,1.0,0.0,0.0,0.0,1.0,1.0,1.0,999.0,0.0,0.0,0.0,Y
1.0,1.0,0.0,1.0,0.0,1.0,1.0,1.0,0.0,0.0,0.0,58.86,0.0,0.0,0.0,1.0,1.0,1.0,0.0,0.0,0.0,1.0,1.0,0.0,0.0,0.0,1.0,1.0,1.0,999.0,0.0,0.0,0.0,Y
1.0,1.0,0.0,1.0,0.0,1.0,1.0,1.0,0.0,0.0,0.0,182.42,0.0,0.0,0.0,1.0,1.0,1.0,0.0,0.0,0.0,1.0,1.0,0.0,0.0,0.0,1.0,1.0,1.0,999.0,0.0,0.0,0.0,N
1.0,1.0,0.0,1.0,0.0,1.0,1.0,1.0,0.0,0.0,0.0,27.0,0.0,0.0,0.0,1.0,1.0,1.0,0.0,0.0,0.0,1.0,1.0,0.0,0.0,0.0,1.0,1.0,1.0,999.0,0.0,0.0,0.0,Y
1.0,1.0,0.0,1.0,0.0,1.0,1.0,1.0,0.0,0.0,0.0,87.71,0.0,0.0,0.0,1.0,1.0,1.0,0.0,0.0,0.0,1.0,1.0,0.0,0.0,0.0,1.0,1.0,1.0,999.0,0.0,0.0,0.0,Y
1.0,1.0,0.0,1.0,0.0,1.0,1.0,1.0,0.0,0.0,0.0,197.269998,0.0,0.0,0.0,1.0,1.0,1.0,0.0,0.0,0.0,1.0,1.0,0.0,0.0,0.0,1.0,1.0,1.0,999.0,0.0,0.0,0.0,N
1.0,1.0,0.0,1.0,0.0,1.0,1.0,1.0,0.0,0.0,0.0,36.73,0.0,0.0,0.0,1.0,1.0,1.0,0.0,0.0,0.0,1.0,1.0,0.0,0.0,0.0,1.0,1.0,1.0,999.0,0.0,0.0,0.0,Y
1.0,1.0,0.0,1.0,0.0,1.0,1.0,1.0,0.0,0.0,0.0,24.23,0.0,0.0,0.0,1.0,1.0,1.0,0.0,0.0,0.0,1.0,1.0,0.0,0.0,0.0,1.0,1.0,1.0,999.0,0.0,0.0,0.0,Y
1.0,1.0,116.229998,0.0,0.0,1.0,1.0,1.0,116.229998,116.229998,116.229998,0.0,1.0,1.0,1.0,0.0,0.0,0.0,0.0,0.0,0.0,1.0,1.0,116.229998,116.229998,116.229998,0.0,0.0,0.0,999.0,0.0,0.0,0.0,N
1.0,1.0,135.079999,0.0,0.0,1.0,1.0,1.0,135.079999,135.079999,135.079999,0.0,1.0,1.0,1.0,0.0,0.0,0.0,0.0,0.0,0.0,1.0,1.0,135.079999,135.079999,135.079999,0.0,0.0,0.0,999.0,0.0,0.0,0.0,N
1.0,1.0,0.0,1.0,0.0,1.0,1.0,1.0,0.0,0.0,0.0,35.839999,0.0,0.0,0.0,1.0,1.0,1.0,0.0,0.0,0.0,1.0,1.0,0.0,0.0,0.0,1.0,1.0,1.0,999.0,0.0,0.0,0.0,Y
1.0,1.0,0.0,1.0,0.0,1.0,1.0,1.0,0.0,0.0,0.0,237.81,0.0,0.0,0.0,1.0,1.0,1.0,0.0,0.0,0.0,1.0,1.0,0.0,0.0,0.0,1.0,1.0,1.0,999.0,0.0,0.0,0.0,N
1.0,1.0,0.0,1.0,0.0,1.0,1.0,1.0,0.0,0.0,0.0,107.44,0.0,0.0,0.0,1.0,1.0,1.0,0.0,0.0,0.0,1.0,1.0,0.0,0.0,0.0,1.0,1.0,1.0,999.0,0.0,0.0,0.0,Y
1.0,1.0,0.0,1.0,0.0,1.0,1.0,1.0,0.0,0.0,0.0,46.78,0.0,0.0,0.0,1.0,1.0,1.0,0.0,0.0,0.0,1.0,1.0,0.0,0.0,0.0,1.0,1.0,1.0,999.0,0.0,0.0,0.0,Y
2.0,2.0,0.0,1.0,1.0,2.0,2.0,2.0,0.0,0.0,0.0,61.33,0.0,0.0,0.0,1.0,1.0,1.0,1.0,1.0,1.0,2.0,2.0,0.0,0.0,0.0,1.0,1.0,1.0,0.0,1.0,1.0,1.0,N
1.0,1.0,118.199998,0.0,0.0,1.0,1.0,1.0,118.199998,118.199998,118.199998,0.0,1.0,1.0,1.0,0.0,0.0,0.0,0.0,0.0,0.0,1.0,1.0,118.199998,118.199998,118.199998,0.0,0.0,0.0,999.0,0.0,0.0,0.0,N
1.0,1.0,515.74,0.0,0.0,1.0,1.0,1.0,515.74,515.74,515.74,0.0,1.0,1.0,1.0,0.0,0.0,0.0,0.0,0.0,0.0,1.0,1.0,515.74,515.74,515.74,0.0,0.0,0.0,999.0,0.0,0.0,0.0,N
1.0,1.0,52.379999,0.0,0.0,1.0,1.0,1.0,52.379999,52.379999,52.379999,0.0,1.0,1.0,1.0,0.0,0.0,0.0,0.0,0.0,0.0,1.0,1.0,52.379999,52.379999,52.379999,0.0,0.0,0.0,999.0,0.0,0.0,0.0,Y
1.0,1.0,0.0,1.0,0.0,1.0,1.0,1.0,0.0,0.0,0.0,217.739998,0.0,0.0,0.0,1.0,1.0,1.0,0.0,0.0,0.0,1.0,1.0,0.0,0.0,0.0,1.0,1.0,1.0,999.0,0.0,0.0,0.0,N
1.0,1.0,0.0,1.0,0.0,1.0,1.0,1.0,0.0,0.0,0.0,437.32,0.0,0.0,0.0,1.0,1.0,1.0,0.0,0.0,0.0,1.0,1.0,0.0,0.0,0.0,1.0,1.0,1.0,999.0,0.0,0.0,0.0,N
1.0,1.0,0.0,1.0,0.0,1.0,1.0,1.0,0.0,0.0,0.0,64.42,0.0,0.0,0.0,1.0,1.0,1.0,0.0,0.0,0.0,1.0,1.0,0.0,0.0,0.0,1.0,1.0,1.0,999.0,0.0,0.0,0.0,Y
1.0,1.0,0.0,1.0,0.0,1.0,1.0,1.0,0.0,0.0,0.0,38.089999,0.0,0.0,0.0,1.0,1.0,1.0,0.0,0.0,0.0,1.0,1.0,0.0,0.0,0.0,1.0,1.0,1.0,999.0,0.0,0.0,0.0,Y
1.0,1.0,0.0,1.0,0.0,1.0,1.0,1.0,0.0,0.0,0.0,228.67,0.0,0.0,0.0,1.0,1.0,1.0,0.0,0.0,0.0,1.0,1.0,0.0,0.0,0.0,1.0,1.0,1.0,999.0,0.0,0.0,0.0,N
1.0,1.0,28.759998,0.0,0.0,1.0,1.0,1.0,28.759998,28.759998,28.759998,0.0,1.0,1.0,1.0,0.0,0.0,0.0,0.0,0.0,0.0,1.0,1.0,28.759998,28.759998,28.759998,0.0,0.0,0.0,999.0,0.0,0.0,0.0,N
1.0,1.0,130.56,0.0,0.0,1.0,1.0,1.0,130.56,130.56,130.56,0.0,1.0,1.0,1.0,0.0,0.0,0.0,0.0,0.0,0.0,1.0,1.0,130.56,130.56,130.56,0.0,0.0,0.0,999.0,0.0,0.0,0.0,N
1.0,1.0,0.0,1.0,0.0,1.0,1.0,1.0,0.0,0.0,0.0,52.379999,0.0,0.0,0.0,1.0,1.0,1.0,0.0,0.0,0.0,1.0,1.0,0.0,0.0,0.0,1.0,1.0,1.0,999.0,0.0,0.0,0.0,Y
1.0,1.0,0.0,1.0,0.0,1.0,1.0,1.0,0.0,0.0,0.0,137.989998,0.0,0.0,0.0,1.0,1.0,1.0,0.0,0.0,0.0,1.0,1.0,0.0,0.0,0.0,1.0,1.0,1.0,999.0,0.0,0.0,0.0,Y
1.0,1.0,0.0,1.0,0.0,1.0,1.0,1.0,0.0,0.0,0.0,109.789999,0.0,0.0,0.0,1.0,1.0,1.0,0.0,0.0,0.0,1.0,1.0,0.0,0.0,0.0,1.0,1.0,1.0,999.0,0.0,0.0,0.0,Y
1.0,1.0,0.0,1.0,0.0,1.0,1.0,1.0,0.0,0.0,0.0,114.039999,0.0,0.0,0.0,1.0,1.0,1.0,0.0,0.0,0.0,1.0,1.0,0.0,0.0,0.0,1.0,1.0,1.0,999.0,0.0,0.0,0.0,Y
1.0,1.0,0.0,1.0,0.0,1.0,1.0,1.0,0.0,0.0,0.0,77.57,0.0,0.0,0.0,1.0,1.0,1.0,0.0,0.0,0.0,1.0,1.0,0.0,0.0,0.0,1.0,1.0,1.0,999.0,0.0,0.0,0.0,Y
1.0,1.0,0.0,1.0,0.0,1.0,1.0,1.0,0.0,0.0,0.0,62.47,0.0,0.0,0.0,1.0,1.0,1.0,0.0,0.0,0.0,1.0,1.0,0.0,0.0,0.0,1.0,1.0,1.0,999.0,0.0,0.0,0.0,Y
2.0,2.0,0.0,1.0,1.0,2.0,2.0,2.0,0.0,0.0,0.0,78.05,0.0,0.0,0.0,1.0,1.0,1.0,1.0,1.0,1.0,2.0,2.0,0.0,0.0,0.0,1.0,1.0,1.0,0.0,1.0,1.0,1.0,N
1.0,1.0,0.0,1.0,0.0,1.0,1.0,1.0,0.0,0.0,0.0,144.94,0.0,0.0,0.0,1.0,1.0,1.0,0.0,0.0,0.0,1.0,1.0,0.0,0.0,0.0,1.0,1.0,1.0,999.0,0.0,0.0,0.0,Y
1.0,1.0,0.0,1.0,0.0,1.0,1.0,1.0,0.0,0.0,0.0,44.23,0.0,0.0,0.0,1.0,1.0,1.0,0.0,0.0,0.0,1.0,1.0,0.0,0.0,0.0,1.0,1.0,1.0,999.0,0.0,0.0,0.0,Y
1.0,1.0,0.0,1.0,0.0,1.0,1.0,1.0,0.0,0.0,0.0,1092.24,0.0,0.0,0.0,1.0,1.0,1.0,0.0,0.0,0.0,1.0,1.0,0.0,0.0,0.0,1.0,1.0,1.0,999.0,0.0,0.0,0.0,N
1.0,1.0,0.0,1.0,0.0,1.0,1.0,1.0,0.0,0.0,0.0,21.77,0.0,0.0,0.0,1.0,1.0,1.0,0.0,0.0,0.0,1.0,1.0,0.0,0.0,0.0,1.0,1.0,1.0,999.0,0.0,0.0,0.0,Y
1.0,1.0,42.62,0.0,0.0,1.0,1.0,1.0,42.62,42.62,42.62,0.0,1.0,1.0,1.0,0.0,0.0,0.0,0.0,0.0,0.0,1.0,1.0,42.62,42.62,42.62,0.0,0.0,0.0,999.0,0.0,0.0,0.0,Y
1.0,1.0,0.0,1.0,0.0,1.0,1.0,1.0,0.0,0.0,0.0,162.769998,0.0,0.0,0.0,1.0,1.0,1.0,0.0,0.0,0.0,1.0,1.0,0.0,0.0,0.0,1.0,1.0,1.0,999.0,0.0,0.0,0.0,N
1.0,1.0,109.5,0.0,0.0,1.0,1.0,1.0,109.5,109.5,109.5,0.0,1.0,1.0,1.0,0.0,0.0,0.0,0.0,0.0,0.0,1.0,1.0,109.5,109.5,109.5,0.0,0.0,0.0,999.0,0.0,0.0,0.0,N
1.0,1.0,0.0,1.0,0.0,1.0,1.0,1.0,0.0,0.0,0.0,237.0,0.0,0.0,0.0,1.0,1.0,1.0,0.0,0.0,0.0,1.0,1.0,0.0,0.0,0.0,1.0,1.0,1.0,999.0,0.0,0.0,0.0,N
1.0,1.0,0.0,1.0,0.0,1.0,1.0,1.0,0.0,0.0,0.0,65.78,0.0,0.0,0.0,1.0,1.0,1.0,0.0,0.0,0.0,1.0,1.0,0.0,0.0,0.0,1.0,1.0,1.0,999.0,0.0,0.0,0.0,Y
1.0,1.0,0.0,1.0,0.0,1.0,1.0,1.0,0.0,0.0,0.0,443.729998,0.0,0.0,0.0,1.0,1.0,1.0,0.0,0.0,0.0,1.0,1.0,0.0,0.0,0.0,1.0,1.0,1.0,999.0,0.0,0.0,0.0,N
1.0,1.0,143.73,0.0,0.0,1.0,1.0,1.0,143.73,143.73,143.73,0.0,1.0,1.0,1.0,0.0,0.0,0.0,0.0,0.0,0.0,1.0,1.0,143.73,143.73,143.73,0.0,0.0,0.0,999.0,0.0,0.0,0.0,N
1.0,1.0,0.0,1.0,0.0,1.0,1.0,1.0,0.0,0.0,0.0,228.79,0.0,0.0,0.0,1.0,1.0,1.0,0.0,0.0,0.0,1.0,1.0,0.0,0.0,0.0,1.0,1.0,1.0,999.0,0.0,0.0,0.0,N
1.0,1.0,0.0,1.0,0.0,1.0,1.0,1.0,0.0,0.0,0.0,107.809998,0.0,0.0,0.0,1.0,1.0,1.0,0.0,0.0,0.0,1.0,1.0,0.0,0.0,0.0,1.0,1.0,1.0,999.0,0.0,0.0,0.0,Y
1.0,1.0,0.0,1.0,0.0,1.0,1.0,1.0,0.0,0.0,0.0,36.98,0.0,0.0,0.0,1.0,1.0,1.0,0.0,0.0,0.0,1.0,1.0,0.0,0.0,0.0,1.0,1.0,1.0,999.0,0.0,0.0,0.0,Y
1.0,1.0,142.51,0.0,0.0,1.0,1.0,1.0,142.51,142.51,142.51,0.0,1.0,1.0,1.0,0.0,0.0,0.0,0.0,0.0,0.0,1.0,1.0,142.51,142.51,142.51,0.0,0.0,0.0,999.0,0.0,0.0,0.0,N
1.0,1.0,0.0,1.0,0.0,1.0,1.0,1.0,0.0,0.0,0.0,178.59,0.0,0.0,0.0,1.0,1.0,1.0,0.0,0.0,0.0,1.0,1.0,0.0,0.0,0.0,1.0,1.0,1.0,999.0,0.0,0.0,0.0,N
1.0,1.0,0.0,1.0,0.0,1.0,1.0,1.0,0.0,0.0,0.0,542.66,0.0,0.0,0.0,1.0,1.0,1.0,0.0,0.0,0.0,1.0,1.0,0.0,0.0,0.0,1.0,1.0,1.0,999.0,0.0,0.0,0.0,N
1.0,1.0,0.0,1.0,0.0,1.0,1.0,1.0,0.0,0.0,0.0,137.26,0.0,0.0,0.0,1.0,1.0,1.0,0.0,0.0,0.0,1.0,1.0,0.0,0.0,0.0,1.0,1.0,1.0,999.0,0.0,0.0,0.0,Y
1.0,1.0,0.0,1.0,0.0,1.0,1.0,1.0,0.0,0.0,0.0,127.479998,0.0,0.0,0.0,1.0,1.0,1.0,0.0,0.0,0.0,1.0,1.0,0.0,0.0,0.0,1.0,1.0,1.0,999.0,0.0,0.0,0.0,Y
1.0,1.0,0.0,1.0,0.0,1.0,1.0,1.0,0.0,0.0,0.0,162.79,0.0,0.0,0.0,1.0,1.0,1.0,0.0,0.0,0.0,1.0,1.0,0.0,0.0,0.0,1.0,1.0,1.0,999.0,0.0,0.0,0.0,N
1.0,1.0,103.47,0.0,0.0,1.0,1.0,1.0,103.47,103.47,103.47,0.0,1.0,1.0,1.0,0.0,0.0,0.0,0.0,0.0,0.0,1.0,1.0,103.47,103.47,103.47,0.0,0.0,0.0,999.0,0.0,0.0,0.0,N
1.0,1.0,867.959998,0.0,0.0,1.0,1.0,1.0,867.959998,867.959998,867.959998,0.0,1.0,1.0,1.0,0.0,0.0,0.0,0.0,0.0,0.0,1.0,1.0,867.959998,867.959998,867.959998,0.0,0.0,0.0,999.0,0.0,0.0,0.0,N
1.0,1.0,0.0,0.0,0.0,1.0,1.0,1.0,0.0,0.0,0.0,0.0,0.0,0.0,0.0,0.0,0.0,0.0,0.0,0.0,0.0,1.0,1.0,0.0,0.0,0.0,0.0,0.0,0.0,999.0,0.0,0.0,0.0,Y
1.0,1.0,0.0,1.0,0.0,1.0,1.0,1.0,0.0,0.0,0.0,251.089998,0.0,0.0,0.0,1.0,1.0,1.0,0.0,0.0,0.0,1.0,1.0,0.0,0.0,0.0,1.0,1.0,1.0,999.0,0.0,0.0,0.0,N
1.0,1.0,0.0,1.0,0.0,1.0,1.0,1.0,0.0,0.0,0.0,103.28,0.0,0.0,0.0,1.0,1.0,1.0,0.0,0.0,0.0,1.0,1.0,0.0,0.0,0.0,1.0,1.0,1.0,999.0,0.0,0.0,0.0,Y
1.0,1.0,0.0,1.0,0.0,1.0,1.0,1.0,0.0,0.0,0.0,85.039999,0.0,0.0,0.0,1.0,1.0,1.0,0.0,0.0,0.0,1.0,1.0,0.0,0.0,0.0,1.0,1.0,1.0,999.0,0.0,0.0,0.0,Y
1.0,1.0,0.0,1.0,0.0,1.0,1.0,1.0,0.0,0.0,0.0,64.42,0.0,0.0,0.0,1.0,1.0,1.0,0.0,0.0,0.0,1.0,1.0,0.0,0.0,0.0,1.0,1.0,1.0,999.0,0.0,0.0,0.0,Y
1.0,1.0,0.0,1.0,0.0,1.0,1.0,1.0,0.0,0.0,0.0,52.379999,0.0,0.0,0.0,1.0,1.0,1.0,0.0,0.0,0.0,1.0,1.0,0.0,0.0,0.0,1.0,1.0,1.0,999.0,0.0,0.0,0.0,Y
1.0,1.0,0.0,1.0,0.0,1.0,1.0,1.0,0.0,0.0,0.0,128.95,0.0,0.0,0.0,1.0,1.0,1.0,0.0,0.0,0.0,1.0,1.0,0.0,0.0,0.0,1.0,1.0,1.0,999.0,0.0,0.0,0.0,Y
1.0,1.0,0.0,1.0,0.0,1.0,1.0,1.0,0.0,0.0,0.0,112.33,0.0,0.0,0.0,1.0,1.0,1.0,0.0,0.0,0.0,1.0,1.0,0.0,0.0,0.0,1.0,1.0,1.0,999.0,0.0,0.0,0.0,Y
1.0,1.0,0.0,1.0,0.0,1.0,1.0,1.0,0.0,0.0,0.0,76.179999,0.0,0.0,0.0,1.0,1.0,1.0,0.0,0.0,0.0,1.0,1.0,0.0,0.0,0.0,1.0,1.0,1.0,999.0,0.0,0.0,0.0,Y
1.0,1.0,0.0,1.0,0.0,1.0,1.0,1.0,0.0,0.0,0.0,32.769999,0.0,0.0,0.0,1.0,1.0,1.0,0.0,0.0,0.0,1.0,1.0,0.0,0.0,0.0,1.0,1.0,1.0,999.0,0.0,0.0,0.0,Y
1.0,1.0,0.0,1.0,0.0,1.0,1.0,1.0,0.0,0.0,0.0,26.009999,0.0,0.0,0.0,1.0,1.0,1.0,0.0,0.0,0.0,1.0,1.0,0.0,0.0,0.0,1.0,1.0,1.0,999.0,0.0,0.0,0.0,Y
1.0,1.0,0.0,0.0,0.0,1.0,1.0,1.0,0.0,0.0,0.0,0.0,0.0,0.0,0.0,0.0,0.0,0.0,0.0,0.0,0.0,1.0,1.0,0.0,0.0,0.0,0.0,0.0,0.0,999.0,0.0,0.0,0.0,Y
1.0,1.0,84.009999,0.0,0.0,1.0,1.0,1.0,84.009999,84.009999,84.009999,0.0,1.0,1.0,1.0,0.0,0.0,0.0,0.0,0.0,0.0,1.0,1.0,84.009999,84.009999,84.009999,0.0,0.0,0.0,999.0,0.0,0.0,0.0,N
1.0,1.0,97.869998,0.0,0.0,1.0,1.0,1.0,97.869998,97.869998,97.869998,0.0,1.0,1.0,1.0,0.0,0.0,0.0,0.0,0.0,0.0,1.0,1.0,97.869998,97.869998,97.869998,0.0,0.0,0.0,999.0,0.0,0.0,0.0,N
1.0,1.0,49.849999,0.0,0.0,1.0,1.0,1.0,49.849999,49.849999,49.849999,0.0,1.0,1.0,1.0,0.0,0.0,0.0,0.0,0.0,0.0,1.0,1.0,49.849999,49.849999,49.849999,0.0,0.0,0.0,999.0,0.0,0.0,0.0,Y
1.0,1.0,0.0,1.0,0.0,1.0,1.0,1.0,0.0,0.0,0.0,39.78,0.0,0.0,0.0,1.0,1.0,1.0,0.0,0.0,0.0,1.0,1.0,0.0,0.0,0.0,1.0,1.0,1.0,999.0,0.0,0.0,0.0,Y
1.0,1.0,109.289999,0.0,0.0,1.0,1.0,1.0,109.289999,109.289999,109.289999,0.0,1.0,1.0,1.0,0.0,0.0,0.0,0.0,0.0,0.0,1.0,1.0,109.289999,109.289999,109.289999,0.0,0.0,0.0,999.0,0.0,0.0,0.0,N
1.0,1.0,0.0,1.0,0.0,1.0,1.0,1.0,0.0,0.0,0.0,378.159998,0.0,0.0,0.0,1.0,1.0,1.0,0.0,0.0,0.0,1.0,1.0,0.0,0.0,0.0,1.0,1.0,1.0,999.0,0.0,0.0,0.0,N
1.0,1.0,0.0,1.0,0.0,1.0,1.0,1.0,0.0,0.0,0.0,68.22,0.0,0.0,0.0,1.0,1.0,1.0,0.0,0.0,0.0,1.0,1.0,0.0,0.0,0.0,1.0,1.0,1.0,999.0,0.0,0.0,0.0,Y
1.0,1.0,0.0,1.0,0.0,1.0,1.0,1.0,0.0,0.0,0.0,127.979998,0.0,0.0,0.0,1.0,1.0,1.0,0.0,0.0,0.0,1.0,1.0,0.0,0.0,0.0,1.0,1.0,1.0,999.0,0.0,0.0,0.0,Y
1.0,1.0,0.0,1.0,0.0,1.0,1.0,1.0,0.0,0.0,0.0,1600.51,0.0,0.0,0.0,1.0,1.0,1.0,0.0,0.0,0.0,1.0,1.0,0.0,0.0,0.0,1.0,1.0,1.0,999.0,0.0,0.0,0.0,N
1.0,1.0,0.0,1.0,0.0,1.0,1.0,1.0,0.0,0.0,0.0,58.25,0.0,0.0,0.0,1.0,1.0,1.0,0.0,0.0,0.0,1.0,1.0,0.0,0.0,0.0,1.0,1.0,1.0,999.0,0.0,0.0,0.0,Y
1.0,1.0,0.0,1.0,0.0,1.0,1.0,1.0,0.0,0.0,0.0,73.96,0.0,0.0,0.0,1.0,1.0,1.0,0.0,0.0,0.0,1.0,1.0,0.0,0.0,0.0,1.0,1.0,1.0,999.0,0.0,0.0,0.0,Y
1.0,1.0,364.75,0.0,0.0,1.0,1.0,1.0,364.75,364.75,364.75,0.0,1.0,1.0,1.0,0.0,0.0,0.0,0.0,0.0,0.0,1.0,1.0,364.75,364.75,364.75,0.0,0.0,0.0,999.0,0.0,0.0,0.0,N
1.0,1.0,83.229998,0.0,0.0,1.0,1.0,1.0,83.229998,83.229998,83.229998,0.0,1.0,1.0,1.0,0.0,0.0,0.0,0.0,0.0,0.0,1.0,1.0,83.229998,83.229998,83.229998,0.0,0.0,0.0,999.0,0.0,0.0,0.0,N
1.0,1.0,0.0,1.0,0.0,1.0,1.0,1.0,0.0,0.0,0.0,109.229998,0.0,0.0,0.0,1.0,1.0,1.0,0.0,0.0,0.0,1.0,1.0,0.0,0.0,0.0,1.0,1.0,1.0,999.0,0.0,0.0,0.0,Y
1.0,1.0,32.379999,0.0,0.0,1.0,1.0,1.0,32.379999,32.379999,32.379999,0.0,1.0,1.0,1.0,0.0,0.0,0.0,0.0,0.0,0.0,1.0,1.0,32.379999,32.379999,32.379999,0.0,0.0,0.0,999.0,0.0,0.0,0.0,Y
1.0,1.0,78.88,0.0,0.0,1.0,1.0,1.0,78.88,78.88,78.88,0.0,1.0,1.0,1.0,0.0,0.0,0.0,0.0,0.0,0.0,1.0,1.0,78.88,78.88,78.88,0.0,0.0,0.0,999.0,0.0,0.0,0.0,N
1.0,1.0,0.0,0.0,1.0,1.0,1.0,1.0,0.0,0.0,0.0,0.0,0.0,0.0,0.0,0.0,0.0,0.0,1.0,1.0,1.0,1.0,1.0,0.0,0.0,0.0,0.0,0.0,0.0,0.0,1.0,1.0,1.0,Y
1.0,1.0,0.0,0.0,1.0,2.0,1.0,1.0,0.0,0.0,0.0,0.0,0.0,0.0,0.0,0.0,0.0,0.0,2.0,1.0,1.0,1.0,1.0,0.0,0.0,0.0,0.0,0.0,0.0,0.0,1.0,1.0,1.0,Y
1.0,1.0,46.69,0.0,0.0,1.0,1.0,1.0,46.69,46.69,46.69,0.0,1.0,1.0,1.0,0.0,0.0,0.0,0.0,0.0,0.0,1.0,1.0,46.69,46.69,46.69,0.0,0.0,0.0,999.0,0.0,0.0,0.0,Y
1.0,1.0,89.25,0.0,0.0,1.0,1.0,1.0,89.25,89.25,89.25,0.0,1.0,1.0,1.0,0.0,0.0,0.0,0.0,0.0,0.0,1.0,1.0,89.25,89.25,89.25,0.0,0.0,0.0,999.0,0.0,0.0,0.0,N
1.0,1.0,0.0,1.0,0.0,1.0,1.0,1.0,0.0,0.0,0.0,49.599999,0.0,0.0,0.0,1.0,1.0,1.0,0.0,0.0,0.0,1.0,1.0,0.0,0.0,0.0,1.0,1.0,1.0,999.0,0.0,0.0,0.0,Y
1.0,1.0,0.0,1.0,0.0,1.0,1.0,1.0,0.0,0.0,0.0,187.959998,0.0,0.0,0.0,1.0,1.0,1.0,0.0,0.0,0.0,1.0,1.0,0.0,0.0,0.0,1.0,1.0,1.0,999.0,0.0,0.0,0.0,N
1.0,1.0,0.0,1.0,0.0,1.0,1.0,1.0,0.0,0.0,0.0,777.68,0.0,0.0,0.0,1.0,1.0,1.0,0.0,0.0,0.0,1.0,1.0,0.0,0.0,0.0,1.0,1.0,1.0,999.0,0.0,0.0,0.0,N
1.0,1.0,0.0,1.0,0.0,1.0,1.0,1.0,0.0,0.0,0.0,63.9,0.0,0.0,0.0,1.0,1.0,1.0,0.0,0.0,0.0,1.0,1.0,0.0,0.0,0.0,1.0,1.0,1.0,999.0,0.0,0.0,0.0,Y
1.0,1.0,0.0,1.0,0.0,1.0,1.0,1.0,0.0,0.0,0.0,236.81,0.0,0.0,0.0,1.0,1.0,1.0,0.0,0.0,0.0,1.0,1.0,0.0,0.0,0.0,1.0,1.0,1.0,999.0,0.0,0.0,0.0,N
1.0,1.0,0.0,1.0,0.0,1.0,1.0,1.0,0.0,0.0,0.0,204.829999,0.0,0.0,0.0,1.0,1.0,1.0,0.0,0.0,0.0,1.0,1.0,0.0,0.0,0.0,1.0,1.0,1.0,999.0,0.0,0.0,0.0,N
1.0,1.0,0.0,1.0,0.0,1.0,1.0,1.0,0.0,0.0,0.0,31.13,0.0,0.0,0.0,1.0,1.0,1.0,0.0,0.0,0.0,1.0,1.0,0.0,0.0,0.0,1.0,1.0,1.0,999.0,0.0,0.0,0.0,Y
1.0,1.0,0.0,1.0,0.0,1.0,1.0,1.0,0.0,0.0,0.0,154.53,0.0,0.0,0.0,1.0,1.0,1.0,0.0,0.0,0.0,1.0,1.0,0.0,0.0,0.0,1.0,1.0,1.0,999.0,0.0,0.0,0.0,N
1.0,1.0,149.87,0.0,0.0,1.0,1.0,1.0,149.87,149.87,149.87,0.0,1.0,1.0,1.0,0.0,0.0,0.0,0.0,0.0,0.0,1.0,1.0,149.87,149.87,149.87,0.0,0.0,0.0,999.0,0.0,0.0,0.0,N
1.0,1.0,142.76,0.0,0.0,1.0,1.0,1.0,142.76,142.76,142.76,0.0,1.0,1.0,1.0,0.0,0.0,0.0,0.0,0.0,0.0,1.0,1.0,142.76,142.76,142.76,0.0,0.0,0.0,999.0,0.0,0.0,0.0,N
1.0,1.0,1076.8,0.0,0.0,1.0,1.0,1.0,1076.8,1076.8,1076.8,0.0,1.0,1.0,1.0,0.0,0.0,0.0,0.0,0.0,0.0,1.0,1.0,1076.8,1076.8,1076.8,0.0,0.0,0.0,999.0,0.0,0.0,0.0,N
1.0,1.0,23.72,0.0,0.0,1.0,1.0,1.0,23.72,23.72,23.72,0.0,1.0,1.0,1.0,0.0,0.0,0.0,0.0,0.0,0.0,1.0,1.0,23.72,23.72,23.72,0.0,0.0,0.0,999.0,0.0,0.0,0.0,N
1.0,1.0,0.0,1.0,0.0,1.0,1.0,1.0,0.0,0.0,0.0,119.32,0.0,0.0,0.0,1.0,1.0,1.0,0.0,0.0,0.0,1.0,1.0,0.0,0.0,0.0,1.0,1.0,1.0,999.0,0.0,0.0,0.0,Y
1.0,1.0,94.35,0.0,0.0,1.0,1.0,1.0,94.35,94.35,94.35,0.0,1.0,1.0,1.0,0.0,0.0,0.0,0.0,0.0,0.0,1.0,1.0,94.35,94.35,94.35,0.0,0.0,0.0,999.0,0.0,0.0,0.0,N
1.0,1.0,66.64,0.0,0.0,1.0,1.0,1.0,66.64,66.64,66.64,0.0,1.0,1.0,1.0,0.0,0.0,0.0,0.0,0.0,0.0,1.0,1.0,66.64,66.64,66.64,0.0,0.0,0.0,999.0,0.0,0.0,0.0,N
1.0,1.0,0.0,1.0,0.0,1.0,1.0,1.0,0.0,0.0,0.0,601.199998,0.0,0.0,0.0,1.0,1.0,1.0,0.0,0.0,0.0,1.0,1.0,0.0,0.0,0.0,1.0,1.0,1.0,999.0,0.0,0.0,0.0,N
1.0,1.0,0.0,1.0,0.0,1.0,1.0,1.0,0.0,0.0,0.0,108.46,0.0,0.0,0.0,1.0,1.0,1.0,0.0,0.0,0.0,1.0,1.0,0.0,0.0,0.0,1.0,1.0,1.0,999.0,0.0,0.0,0.0,Y
1.0,1.0,34.0,0.0,0.0,1.0,1.0,1.0,34.0,34.0,34.0,0.0,1.0,1.0,1.0,0.0,0.0,0.0,0.0,0.0,0.0,1.0,1.0,34.0,34.0,34.0,0.0,0.0,0.0,999.0,0.0,0.0,0.0,Y
1.0,1.0,0.0,1.0,0.0,1.0,1.0,1.0,0.0,0.0,0.0,99.32,0.0,0.0,0.0,1.0,1.0,1.0,0.0,0.0,0.0,1.0,1.0,0.0,0.0,0.0,1.0,1.0,1.0,999.0,0.0,0.0,0.0,Y
1.0,1.0,0.0,1.0,0.0,1.0,1.0,1.0,0.0,0.0,0.0,199.79,0.0,0.0,0.0,1.0,1.0,1.0,0.0,0.0,0.0,1.0,1.0,0.0,0.0,0.0,1.0,1.0,1.0,999.0,0.0,0.0,0.0,N
1.0,1.0,0.0,1.0,0.0,1.0,1.0,1.0,0.0,0.0,0.0,61.769999,0.0,0.0,0.0,1.0,1.0,1.0,0.0,0.0,0.0,1.0,1.0,0.0,0.0,0.0,1.0,1.0,1.0,999.0,0.0,0.0,0.0,Y
1.0,1.0,0.0,1.0,0.0,1.0,1.0,1.0,0.0,0.0,0.0,46.1,0.0,0.0,0.0,1.0,1.0,1.0,0.0,0.0,0.0,1.0,1.0,0.0,0.0,0.0,1.0,1.0,1.0,999.0,0.0,0.0,0.0,Y
1.0,1.0,123.39,0.0,0.0,1.0,1.0,1.0,123.39,123.39,123.39,0.0,1.0,1.0,1.0,0.0,0.0,0.0,0.0,0.0,0.0,1.0,1.0,123.39,123.39,123.39,0.0,0.0,0.0,999.0,0.0,0.0,0.0,N
1.0,1.0,0.0,1.0,0.0,1.0,1.0,1.0,0.0,0.0,0.0,118.539999,0.0,0.0,0.0,1.0,1.0,1.0,0.0,0.0,0.0,1.0,1.0,0.0,0.0,0.0,1.0,1.0,1.0,999.0,0.0,0.0,0.0,Y
1.0,1.0,0.0,1.0,0.0,1.0,1.0,1.0,0.0,0.0,0.0,211.01,0.0,0.0,0.0,1.0,1.0,1.0,0.0,0.0,0.0,1.0,1.0,0.0,0.0,0.0,1.0,1.0,1.0,999.0,0.0,0.0,0.0,N
1.0,1.0,0.0,1.0,0.0,1.0,1.0,1.0,0.0,0.0,0.0,78.2,0.0,0.0,0.0,1.0,1.0,1.0,0.0,0.0,0.0,1.0,1.0,0.0,0.0,0.0,1.0,1.0,1.0,999.0,0.0,0.0,0.0,Y
1.0,1.0,0.0,1.0,0.0,1.0,1.0,1.0,0.0,0.0,0.0,624.9,0.0,0.0,0.0,1.0,1.0,1.0,0.0,0.0,0.0,1.0,1.0,0.0,0.0,0.0,1.0,1.0,1.0,999.0,0.0,0.0,0.0,N
1.0,1.0,0.0,1.0,0.0,1.0,1.0,1.0,0.0,0.0,0.0,233.929998,0.0,0.0,0.0,1.0,1.0,1.0,0.0,0.0,0.0,1.0,1.0,0.0,0.0,0.0,1.0,1.0,1.0,999.0,0.0,0.0,0.0,N
1.0,1.0,0.0,1.0,0.0,1.0,1.0,1.0,0.0,0.0,0.0,215.01,0.0,0.0,0.0,1.0,1.0,1.0,0.0,0.0,0.0,1.0,1.0,0.0,0.0,0.0,1.0,1.0,1.0,999.0,0.0,0.0,0.0,N
1.0,1.0,70.53,0.0,0.0,1.0,1.0,1.0,70.53,70.53,70.53,0.0,1.0,1.0,1.0,0.0,0.0,0.0,0.0,0.0,0.0,1.0,1.0,70.53,70.53,70.53,0.0,0.0,0.0,999.0,0.0,0.0,0.0,N
1.0,1.0,0.0,1.0,0.0,1.0,1.0,1.0,0.0,0.0,0.0,321.57,0.0,0.0,0.0,1.0,1.0,1.0,0.0,0.0,0.0,1.0,1.0,0.0,0.0,0.0,1.0,1.0,1.0,999.0,0.0,0.0,0.0,N
1.0,1.0,0.0,1.0,0.0,1.0,1.0,1.0,0.0,0.0,0.0,874.42,0.0,0.0,0.0,1.0,1.0,1.0,0.0,0.0,0.0,1.0,1.0,0.0,0.0,0.0,1.0,1.0,1.0,999.0,0.0,0.0,0.0,N
1.0,1.0,0.0,1.0,0.0,1.0,1.0,1.0,0.0,0.0,0.0,66.72,0.0,0.0,0.0,1.0,1.0,1.0,0.0,0.0,0.0,1.0,1.0,0.0,0.0,0.0,1.0,1.0,1.0,999.0,0.0,0.0,0.0,Y
1.0,1.0,44.089999,0.0,0.0,1.0,1.0,1.0,44.089999,44.089999,44.089999,0.0,1.0,1.0,1.0,0.0,0.0,0.0,0.0,0.0,0.0,1.0,1.0,44.089999,44.089999,44.089999,0.0,0.0,0.0,999.0,0.0,0.0,0.0,Y
1.0,1.0,0.0,1.0,0.0,1.0,1.0,1.0,0.0,0.0,0.0,112.08,0.0,0.0,0.0,1.0,1.0,1.0,0.0,0.0,0.0,1.0,1.0,0.0,0.0,0.0,1.0,1.0,1.0,999.0,0.0,0.0,0.0,Y
1.0,1.0,0.0,1.0,0.0,1.0,1.0,1.0,0.0,0.0,0.0,67.36,0.0,0.0,0.0,1.0,1.0,1.0,0.0,0.0,0.0,1.0,1.0,0.0,0.0,0.0,1.0,1.0,1.0,999.0,0.0,0.0,0.0,Y
1.0,1.0,0.0,1.0,0.0,1.0,1.0,1.0,0.0,0.0,0.0,41.69,0.0,0.0,0.0,1.0,1.0,1.0,0.0,0.0,0.0,1.0,1.0,0.0,0.0,0.0,1.0,1.0,1.0,999.0,0.0,0.0,0.0,Y
1.0,1.0,0.0,1.0,0.0,1.0,1.0,1.0,0.0,0.0,0.0,64.0,0.0,0.0,0.0,1.0,1.0,1.0,0.0,0.0,0.0,1.0,1.0,0.0,0.0,0.0,1.0,1.0,1.0,999.0,0.0,0.0,0.0,Y
1.0,1.0,126.479998,0.0,0.0,1.0,1.0,1.0,126.479998,126.479998,126.479998,0.0,1.0,1.0,1.0,0.0,0.0,0.0,0.0,0.0,0.0,1.0,1.0,126.479998,126.479998,126.479998,0.0,0.0,0.0,999.0,0.0,0.0,0.0,N
1.0,1.0,0.0,1.0,0.0,1.0,1.0,1.0,0.0,0.0,0.0,90.85,0.0,0.0,0.0,1.0,1.0,1.0,0.0,0.0,0.0,1.0,1.0,0.0,0.0,0.0,1.0,1.0,1.0,999.0,0.0,0.0,0.0,Y
1.0,1.0,0.0,1.0,0.0,1.0,1.0,1.0,0.0,0.0,0.0,40.94,0.0,0.0,0.0,1.0,1.0,1.0,0.0,0.0,0.0,1.0,1.0,0.0,0.0,0.0,1.0,1.0,1.0,999.0,0.0,0.0,0.0,Y
1.0,1.0,0.0,1.0,0.0,1.0,1.0,1.0,0.0,0.0,0.0,67.57,0.0,0.0,0.0,1.0,1.0,1.0,0.0,0.0,0.0,1.0,1.0,0.0,0.0,0.0,1.0,1.0,1.0,999.0,0.0,0.0,0.0,Y
1.0,1.0,70.75,0.0,0.0,1.0,1.0,1.0,70.75,70.75,70.75,0.0,1.0,1.0,1.0,0.0,0.0,0.0,0.0,0.0,0.0,1.0,1.0,70.75,70.75,70.75,0.0,0.0,0.0,999.0,0.0,0.0,0.0,N
1.0,1.0,42.35,0.0,0.0,1.0,1.0,1.0,42.35,42.35,42.35,0.0,1.0,1.0,1.0,0.0,0.0,0.0,0.0,0.0,0.0,1.0,1.0,42.35,42.35,42.35,0.0,0.0,0.0,999.0,0.0,0.0,0.0,Y
1.0,1.0,64.55,0.0,0.0,1.0,1.0,1.0,64.55,64.55,64.55,0.0,1.0,1.0,1.0,0.0,0.0,0.0,0.0,0.0,0.0,1.0,1.0,64.55,64.55,64.55,0.0,0.0,0.0,999.0,0.0,0.0,0.0,N
1.0,1.0,0.0,1.0,0.0,1.0,1.0,1.0,0.0,0.0,0.0,1513.409999,0.0,0.0,0.0,1.0,1.0,1.0,0.0,0.0,0.0,1.0,1.0,0.0,0.0,0.0,1.0,1.0,1.0,999.0,0.0,0.0,0.0,N
1.0,1.0,0.0,1.0,0.0,1.0,1.0,1.0,0.0,0.0,0.0,349.53,0.0,0.0,0.0,1.0,1.0,1.0,0.0,0.0,0.0,1.0,1.0,0.0,0.0,0.0,1.0,1.0,1.0,999.0,0.0,0.0,0.0,N
1.0,1.0,0.0,1.0,0.0,1.0,1.0,1.0,0.0,0.0,0.0,260.55,0.0,0.0,0.0,1.0,1.0,1.0,0.0,0.0,0.0,1.0,1.0,0.0,0.0,0.0,1.0,1.0,1.0,999.0,0.0,0.0,0.0,N
1.0,1.0,151.109999,0.0,0.0,1.0,1.0,1.0,151.109999,151.109999,151.109999,0.0,1.0,1.0,1.0,0.0,0.0,0.0,0.0,0.0,0.0,1.0,1.0,151.109999,151.109999,151.109999,0.0,0.0,0.0,999.0,0.0,0.0,0.0,N
1.0,1.0,0.0,1.0,0.0,1.0,1.0,1.0,0.0,0.0,0.0,45.129999,0.0,0.0,0.0,1.0,1.0,1.0,0.0,0.0,0.0,1.0,1.0,0.0,0.0,0.0,1.0,1.0,1.0,999.0,0.0,0.0,0.0,Y
1.0,1.0,0.0,1.0,0.0,1.0,1.0,1.0,0.0,0.0,0.0,132.049998,0.0,0.0,0.0,1.0,1.0,1.0,0.0,0.0,0.0,1.0,1.0,0.0,0.0,0.0,1.0,1.0,1.0,999.0,0.0,0.0,0.0,Y
1.0,1.0,0.0,1.0,0.0,1.0,1.0,1.0,0.0,0.0,0.0,64.039999,0.0,0.0,0.0,1.0,1.0,1.0,0.0,0.0,0.0,1.0,1.0,0.0,0.0,0.0,1.0,1.0,1.0,999.0,0.0,0.0,0.0,Y
1.0,1.0,336.56,0.0,0.0,1.0,1.0,1.0,336.56,336.56,336.56,0.0,1.0,1.0,1.0,0.0,0.0,0.0,0.0,0.0,0.0,1.0,1.0,336.56,336.56,336.56,0.0,0.0,0.0,999.0,0.0,0.0,0.0,N
1.0,1.0,0.0,1.0,0.0,1.0,1.0,1.0,0.0,0.0,0.0,40.769999,0.0,0.0,0.0,1.0,1.0,1.0,0.0,0.0,0.0,1.0,1.0,0.0,0.0,0.0,1.0,1.0,1.0,999.0,0.0,0.0,0.0,Y
1.0,1.0,0.0,1.0,0.0,1.0,1.0,1.0,0.0,0.0,0.0,166.59,0.0,0.0,0.0,1.0,1.0,1.0,0.0,0.0,0.0,1.0,1.0,0.0,0.0,0.0,1.0,1.0,1.0,999.0,0.0,0.0,0.0,N
1.0,1.0,0.0,1.0,0.0,1.0,1.0,1.0,0.0,0.0,0.0,30.27,0.0,0.0,0.0,1.0,1.0,1.0,0.0,0.0,0.0,1.0,1.0,0.0,0.0,0.0,1.0,1.0,1.0,999.0,0.0,0.0,0.0,Y
1.0,1.0,25.849999,0.0,0.0,1.0,1.0,1.0,25.849999,25.849999,25.849999,0.0,1.0,1.0,1.0,0.0,0.0,0.0,0.0,0.0,0.0,1.0,1.0,25.849999,25.849999,25.849999,0.0,0.0,0.0,999.0,0.0,0.0,0.0,N
1.0,1.0,108.83,0.0,0.0,1.0,1.0,1.0,108.83,108.83,108.83,0.0,1.0,1.0,1.0,0.0,0.0,0.0,0.0,0.0,0.0,1.0,1.0,108.83,108.83,108.83,0.0,0.0,0.0,999.0,0.0,0.0,0.0,N
1.0,1.0,0.0,1.0,0.0,1.0,1.0,1.0,0.0,0.0,0.0,93.78,0.0,0.0,0.0,1.0,1.0,1.0,0.0,0.0,0.0,1.0,1.0,0.0,0.0,0.0,1.0,1.0,1.0,999.0,0.0,0.0,0.0,Y
1.0,1.0,0.0,1.0,0.0,1.0,1.0,1.0,0.0,0.0,0.0,149.69,0.0,0.0,0.0,1.0,1.0,1.0,0.0,0.0,0.0,1.0,1.0,0.0,0.0,0.0,1.0,1.0,1.0,999.0,0.0,0.0,0.0,Y
1.0,1.0,0.0,1.0,0.0,1.0,1.0,1.0,0.0,0.0,0.0,226.22,0.0,0.0,0.0,1.0,1.0,1.0,0.0,0.0,0.0,1.0,1.0,0.0,0.0,0.0,1.0,1.0,1.0,999.0,0.0,0.0,0.0,N
1.0,1.0,0.0,1.0,0.0,1.0,1.0,1.0,0.0,0.0,0.0,43.58,0.0,0.0,0.0,1.0,1.0,1.0,0.0,0.0,0.0,1.0,1.0,0.0,0.0,0.0,1.0,1.0,1.0,999.0,0.0,0.0,0.0,Y
1.0,1.0,0.0,1.0,0.0,1.0,1.0,1.0,0.0,0.0,0.0,185.829999,0.0,0.0,0.0,1.0,1.0,1.0,0.0,0.0,0.0,1.0,1.0,0.0,0.0,0.0,1.0,1.0,1.0,999.0,0.0,0.0,0.0,N
1.0,1.0,0.0,1.0,0.0,1.0,1.0,1.0,0.0,0.0,0.0,110.72,0.0,0.0,0.0,1.0,1.0,1.0,0.0,0.0,0.0,1.0,1.0,0.0,0.0,0.0,1.0,1.0,1.0,999.0,0.0,0.0,0.0,Y
1.0,1.0,0.0,1.0,0.0,1.0,1.0,1.0,0.0,0.0,0.0,3080.96,0.0,0.0,0.0,1.0,1.0,1.0,0.0,0.0,0.0,1.0,1.0,0.0,0.0,0.0,1.0,1.0,1.0,999.0,0.0,0.0,0.0,N
1.0,1.0,0.0,1.0,0.0,1.0,1.0,1.0,0.0,0.0,0.0,186.92,0.0,0.0,0.0,1.0,1.0,1.0,0.0,0.0,0.0,1.0,1.0,0.0,0.0,0.0,1.0,1.0,1.0,999.0,0.0,0.0,0.0,N
1.0,1.0,0.0,1.0,0.0,1.0,1.0,1.0,0.0,0.0,0.0,147.97,0.0,0.0,0.0,1.0,1.0,1.0,0.0,0.0,0.0,1.0,1.0,0.0,0.0,0.0,1.0,1.0,1.0,999.0,0.0,0.0,0.0,Y
1.0,1.0,0.0,1.0,0.0,1.0,1.0,1.0,0.0,0.0,0.0,35.4,0.0,0.0,0.0,1.0,1.0,1.0,0.0,0.0,0.0,1.0,1.0,0.0,0.0,0.0,1.0,1.0,1.0,999.0,0.0,0.0,0.0,Y
1.0,1.0,101.729998,0.0,0.0,1.0,1.0,1.0,101.729998,101.729998,101.729998,0.0,1.0,1.0,1.0,0.0,0.0,0.0,0.0,0.0,0.0,1.0,1.0,101.729998,101.729998,101.729998,0.0,0.0,0.0,999.0,0.0,0.0,0.0,N
1.0,1.0,0.0,1.0,0.0,1.0,1.0,1.0,0.0,0.0,0.0,1593.409999,0.0,0.0,0.0,1.0,1.0,1.0,0.0,0.0,0.0,1.0,1.0,0.0,0.0,0.0,1.0,1.0,1.0,999.0,0.0,0.0,0.0,N
2.0,2.0,0.0,1.0,1.0,2.0,2.0,2.0,0.0,0.0,0.0,22.99,0.0,0.0,0.0,1.0,1.0,1.0,1.0,1.0,1.0,2.0,2.0,0.0,0.0,0.0,1.0,1.0,1.0,0.0,1.0,1.0,1.0,N
1.0,1.0,98.16,0.0,0.0,1.0,1.0,1.0,98.16,98.16,98.16,0.0,1.0,1.0,1.0,0.0,0.0,0.0,0.0,0.0,0.0,1.0,1.0,98.16,98.16,98.16,0.0,0.0,0.0,999.0,0.0,0.0,0.0,N
1.0,1.0,0.0,1.0,0.0,1.0,1.0,1.0,0.0,0.0,0.0,147.549998,0.0,0.0,0.0,1.0,1.0,1.0,0.0,0.0,0.0,1.0,1.0,0.0,0.0,0.0,1.0,1.0,1.0,999.0,0.0,0.0,0.0,Y
1.0,1.0,0.0,1.0,0.0,1.0,1.0,1.0,0.0,0.0,0.0,91.289999,0.0,0.0,0.0,1.0,1.0,1.0,0.0,0.0,0.0,1.0,1.0,0.0,0.0,0.0,1.0,1.0,1.0,999.0,0.0,0.0,0.0,Y
1.0,1.0,0.0,1.0,0.0,1.0,1.0,1.0,0.0,0.0,0.0,21.04,0.0,0.0,0.0,1.0,1.0,1.0,0.0,0.0,0.0,1.0,1.0,0.0,0.0,0.0,1.0,1.0,1.0,999.0,0.0,0.0,0.0,Y
1.0,1.0,0.0,1.0,0.0,1.0,1.0,1.0,0.0,0.0,0.0,136.799998,0.0,0.0,0.0,1.0,1.0,1.0,0.0,0.0,0.0,1.0,1.0,0.0,0.0,0.0,1.0,1.0,1.0,999.0,0.0,0.0,0.0,Y
1.0,1.0,0.0,1.0,0.0,1.0,1.0,1.0,0.0,0.0,0.0,49.69,0.0,0.0,0.0,1.0,1.0,1.0,0.0,0.0,0.0,1.0,1.0,0.0,0.0,0.0,1.0,1.0,1.0,999.0,0.0,0.0,0.0,Y
1.0,1.0,0.0,1.0,0.0,1.0,1.0,1.0,0.0,0.0,0.0,144.31,0.0,0.0,0.0,1.0,1.0,1.0,0.0,0.0,0.0,1.0,1.0,0.0,0.0,0.0,1.0,1.0,1.0,999.0,0.0,0.0,0.0,Y
1.0,1.0,0.0,1.0,0.0,1.0,1.0,1.0,0.0,0.0,0.0,101.339998,0.0,0.0,0.0,1.0,1.0,1.0,0.0,0.0,0.0,1.0,1.0,0.0,0.0,0.0,1.0,1.0,1.0,999.0,0.0,0.0,0.0,Y
1.0,1.0,0.0,1.0,0.0,1.0,1.0,1.0,0.0,0.0,0.0,36.48,0.0,0.0,0.0,1.0,1.0,1.0,0.0,0.0,0.0,1.0,1.0,0.0,0.0,0.0,1.0,1.0,1.0,999.0,0.0,0.0,0.0,Y
1.0,1.0,66.99,0.0,0.0,1.0,1.0,1.0,66.99,66.99,66.99,0.0,1.0,1.0,1.0,0.0,0.0,0.0,0.0,0.0,0.0,1.0,1.0,66.99,66.99,66.99,0.0,0.0,0.0,999.0,0.0,0.0,0.0,N
1.0,1.0,0.0,1.0,0.0,1.0,1.0,1.0,0.0,0.0,0.0,96.47,0.0,0.0,0.0,1.0,1.0,1.0,0.0,0.0,0.0,1.0,1.0,0.0,0.0,0.0,1.0,1.0,1.0,999.0,0.0,0.0,0.0,Y
1.0,1.0,0.0,1.0,0.0,1.0,1.0,1.0,0.0,0.0,0.0,105.08,0.0,0.0,0.0,1.0,1.0,1.0,0.0,0.0,0.0,1.0,1.0,0.0,0.0,0.0,1.0,1.0,1.0,999.0,0.0,0.0,0.0,Y
1.0,1.0,60.05,0.0,0.0,1.0,1.0,1.0,60.05,60.05,60.05,0.0,1.0,1.0,1.0,0.0,0.0,0.0,0.0,0.0,0.0,1.0,1.0,60.05,60.05,60.05,0.0,0.0,0.0,999.0,0.0,0.0,0.0,N
1.0,1.0,0.0,1.0,0.0,1.0,1.0,1.0,0.0,0.0,0.0,182.29,0.0,0.0,0.0,1.0,1.0,1.0,0.0,0.0,0.0,1.0,1.0,0.0,0.0,0.0,1.0,1.0,1.0,999.0,0.0,0.0,0.0,N
1.0,1.0,0.0,1.0,0.0,1.0,1.0,1.0,0.0,0.0,0.0,64.42,0.0,0.0,0.0,1.0,1.0,1.0,0.0,0.0,0.0,1.0,1.0,0.0,0.0,0.0,1.0,1.0,1.0,999.0,0.0,0.0,0.0,Y
2.0,2.0,0.0,1.0,1.0,2.0,2.0,2.0,0.0,0.0,0.0,2.989999,0.0,0.0,0.0,1.0,1.0,1.0,1.0,1.0,1.0,2.0,2.0,0.0,0.0,0.0,1.0,1.0,1.0,0.0,1.0,1.0,1.0,N
1.0,1.0,0.0,1.0,0.0,1.0,1.0,1.0,0.0,0.0,0.0,132.48,0.0,0.0,0.0,1.0,1.0,1.0,0.0,0.0,0.0,1.0,1.0,0.0,0.0,0.0,1.0,1.0,1.0,999.0,0.0,0.0,0.0,Y
1.0,1.0,0.0,1.0,0.0,1.0,1.0,1.0,0.0,0.0,0.0,33.37,0.0,0.0,0.0,1.0,1.0,1.0,0.0,0.0,0.0,1.0,1.0,0.0,0.0,0.0,1.0,1.0,1.0,999.0,0.0,0.0,0.0,Y
1.0,1.0,0.0,1.0,0.0,1.0,1.0,1.0,0.0,0.0,0.0,144.66,0.0,0.0,0.0,1.0,1.0,1.0,0.0,0.0,0.0,1.0,1.0,0.0,0.0,0.0,1.0,1.0,1.0,999.0,0.0,0.0,0.0,Y
1.0,1.0,40.6,0.0,0.0,1.0,1.0,1.0,40.6,40.6,40.6,0.0,1.0,1.0,1.0,0.0,0.0,0.0,0.0,0.0,0.0,1.0,1.0,40.6,40.6,40.6,0.0,0.0,0.0,999.0,0.0,0.0,0.0,Y
1.0,1.0,0.0,1.0,0.0,1.0,1.0,1.0,0.0,0.0,0.0,231.45,0.0,0.0,0.0,1.0,1.0,1.0,0.0,0.0,0.0,1.0,1.0,0.0,0.0,0.0,1.0,1.0,1.0,999.0,0.0,0.0,0.0,N
1.0,1.0,0.0,1.0,0.0,1.0,1.0,1.0,0.0,0.0,0.0,100.539999,0.0,0.0,0.0,1.0,1.0,1.0,0.0,0.0,0.0,1.0,1.0,0.0,0.0,0.0,1.0,1.0,1.0,999.0,0.0,0.0,0.0,Y
1.0,1.0,0.0,1.0,0.0,1.0,1.0,1.0,0.0,0.0,0.0,4296.8,0.0,0.0,0.0,1.0,1.0,1.0,0.0,0.0,0.0,1.0,1.0,0.0,0.0,0.0,1.0,1.0,1.0,999.0,0.0,0.0,0.0,N
1.0,1.0,0.0,1.0,0.0,1.0,1.0,1.0,0.0,0.0,0.0,1380.55,0.0,0.0,0.0,1.0,1.0,1.0,0.0,0.0,0.0,1.0,1.0,0.0,0.0,0.0,1.0,1.0,1.0,999.0,0.0,0.0,0.0,N
1.0,1.0,0.0,1.0,0.0,1.0,1.0,1.0,0.0,0.0,0.0,140.0,0.0,0.0,0.0,1.0,1.0,1.0,0.0,0.0,0.0,1.0,1.0,0.0,0.0,0.0,1.0,1.0,1.0,999.0,0.0,0.0,0.0,Y
1.0,1.0,0.0,1.0,0.0,1.0,1.0,1.0,0.0,0.0,0.0,297.52,0.0,0.0,0.0,1.0,1.0,1.0,0.0,0.0,0.0,1.0,1.0,0.0,0.0,0.0,1.0,1.0,1.0,999.0,0.0,0.0,0.0,N
1.0,1.0,0.0,1.0,0.0,1.0,1.0,1.0,0.0,0.0,0.0,138.41,0.0,0.0,0.0,1.0,1.0,1.0,0.0,0.0,0.0,1.0,1.0,0.0,0.0,0.0,1.0,1.0,1.0,999.0,0.0,0.0,0.0,Y
1.0,1.0,0.0,1.0,0.0,1.0,1.0,1.0,0.0,0.0,0.0,418.169998,0.0,0.0,0.0,1.0,1.0,1.0,0.0,0.0,0.0,1.0,1.0,0.0,0.0,0.0,1.0,1.0,1.0,999.0,0.0,0.0,0.0,N
1.0,1.0,129.16,0.0,0.0,1.0,1.0,1.0,129.16,129.16,129.16,0.0,1.0,1.0,1.0,0.0,0.0,0.0,0.0,0.0,0.0,1.0,1.0,129.16,129.16,129.16,0.0,0.0,0.0,999.0,0.0,0.0,0.0,N
1.0,1.0,0.0,1.0,0.0,1.0,1.0,1.0,0.0,0.0,0.0,226.14,0.0,0.0,0.0,1.0,1.0,1.0,0.0,0.0,0.0,1.0,1.0,0.0,0.0,0.0,1.0,1.0,1.0,999.0,0.0,0.0,0.0,N
1.0,1.0,0.0,1.0,0.0,1.0,1.0,1.0,0.0,0.0,0.0,146.9,0.0,0.0,0.0,1.0,1.0,1.0,0.0,0.0,0.0,1.0,1.0,0.0,0.0,0.0,1.0,1.0,1.0,999.0,0.0,0.0,0.0,Y
1.0,1.0,0.0,1.0,0.0,1.0,1.0,1.0,0.0,0.0,0.0,177.59,0.0,0.0,0.0,1.0,1.0,1.0,0.0,0.0,0.0,1.0,1.0,0.0,0.0,0.0,1.0,1.0,1.0,999.0,0.0,0.0,0.0,N
1.0,1.0,0.0,1.0,0.0,1.0,1.0,1.0,0.0,0.0,0.0,283.539998,0.0,0.0,0.0,1.0,1.0,1.0,0.0,0.0,0.0,1.0,1.0,0.0,0.0,0.0,1.0,1.0,1.0,999.0,0.0,0.0,0.0,N
1.0,1.0,0.0,0.0,1.0,1.0,1.0,1.0,0.0,0.0,0.0,0.0,0.0,0.0,0.0,0.0,0.0,0.0,1.0,1.0,1.0,1.0,1.0,0.0,0.0,0.0,0.0,0.0,0.0,0.0,1.0,1.0,1.0,Y
1.0,1.0,0.0,1.0,0.0,1.0,1.0,1.0,0.0,0.0,0.0,106.16,0.0,0.0,0.0,1.0,1.0,1.0,0.0,0.0,0.0,1.0,1.0,0.0,0.0,0.0,1.0,1.0,1.0,999.0,0.0,0.0,0.0,Y
1.0,1.0,0.0,1.0,0.0,1.0,1.0,1.0,0.0,0.0,0.0,128.59,0.0,0.0,0.0,1.0,1.0,1.0,0.0,0.0,0.0,1.0,1.0,0.0,0.0,0.0,1.0,1.0,1.0,999.0,0.0,0.0,0.0,Y
1.0,1.0,0.0,1.0,0.0,1.0,1.0,1.0,0.0,0.0,0.0,223.88,0.0,0.0,0.0,1.0,1.0,1.0,0.0,0.0,0.0,1.0,1.0,0.0,0.0,0.0,1.0,1.0,1.0,999.0,0.0,0.0,0.0,N
1.0,1.0,0.0,1.0,0.0,1.0,1.0,1.0,0.0,0.0,0.0,282.28,0.0,0.0,0.0,1.0,1.0,1.0,0.0,0.0,0.0,1.0,1.0,0.0,0.0,0.0,1.0,1.0,1.0,999.0,0.0,0.0,0.0,N
1.0,1.0,0.0,1.0,0.0,1.0,1.0,1.0,0.0,0.0,0.0,45.07,0.0,0.0,0.0,1.0,1.0,1.0,0.0,0.0,0.0,1.0,1.0,0.0,0.0,0.0,1.0,1.0,1.0,999.0,0.0,0.0,0.0,Y
1.0,1.0,0.0,1.0,0.0,1.0,1.0,1.0,0.0,0.0,0.0,77.57,0.0,0.0,0.0,1.0,1.0,1.0,0.0,0.0,0.0,1.0,1.0,0.0,0.0,0.0,1.0,1.0,1.0,999.0,0.0,0.0,0.0,Y
1.0,1.0,0.0,1.0,0.0,1.0,1.0,1.0,0.0,0.0,0.0,63.61,0.0,0.0,0.0,1.0,1.0,1.0,0.0,0.0,0.0,1.0,1.0,0.0,0.0,0.0,1.0,1.0,1.0,999.0,0.0,0.0,0.0,Y
1.0,1.0,0.0,1.0,0.0,1.0,1.0,1.0,0.0,0.0,0.0,16.779999,0.0,0.0,0.0,1.0,1.0,1.0,0.0,0.0,0.0,1.0,1.0,0.0,0.0,0.0,1.0,1.0,1.0,999.0,0.0,0.0,0.0,Y
2.0,2.0,0.0,1.0,1.0,2.0,2.0,2.0,0.0,0.0,0.0,45.66,0.0,0.0,0.0,1.0,1.0,1.0,1.0,1.0,1.0,2.0,2.0,0.0,0.0,0.0,1.0,1.0,1.0,0.0,1.0,1.0,1.0,N
1.0,1.0,0.0,1.0,0.0,1.0,1.0,1.0,0.0,0.0,0.0,169.37,0.0,0.0,0.0,1.0,1.0,1.0,0.0,0.0,0.0,1.0,1.0,0.0,0.0,0.0,1.0,1.0,1.0,999.0,0.0,0.0,0.0,N
1.0,1.0,0.0,1.0,0.0,1.0,1.0,1.0,0.0,0.0,0.0,121.679999,0.0,0.0,0.0,1.0,1.0,1.0,0.0,0.0,0.0,1.0,1.0,0.0,0.0,0.0,1.0,1.0,1.0,999.0,0.0,0.0,0.0,Y
1.0,1.0,0.0,1.0,0.0,1.0,1.0,1.0,0.0,0.0,0.0,68.66,0.0,0.0,0.0,1.0,1.0,1.0,0.0,0.0,0.0,1.0,1.0,0.0,0.0,0.0,1.0,1.0,1.0,999.0,0.0,0.0,0.0,Y
1.0,1.0,0.0,1.0,0.0,1.0,1.0,1.0,0.0,0.0,0.0,673.689999,0.0,0.0,0.0,1.0,1.0,1.0,0.0,0.0,0.0,1.0,1.0,0.0,0.0,0.0,1.0,1.0,1.0,999.0,0.0,0.0,0.0,N
1.0,1.0,0.0,1.0,0.0,1.0,1.0,1.0,0.0,0.0,0.0,253.32,0.0,0.0,0.0,1.0,1.0,1.0,0.0,0.0,0.0,1.0,1.0,0.0,0.0,0.0,1.0,1.0,1.0,999.0,0.0,0.0,0.0,N
1.0,1.0,0.0,1.0,0.0,1.0,1.0,1.0,0.0,0.0,0.0,204.239998,0.0,0.0,0.0,1.0,1.0,1.0,0.0,0.0,0.0,1.0,1.0,0.0,0.0,0.0,1.0,1.0,1.0,999.0,0.0,0.0,0.0,N
1.0,1.0,88.94,0.0,0.0,1.0,1.0,1.0,88.94,88.94,88.94,0.0,1.0,1.0,1.0,0.0,0.0,0.0,0.0,0.0,0.0,1.0,1.0,88.94,88.94,88.94,0.0,0.0,0.0,999.0,0.0,0.0,0.0,N
1.0,1.0,0.0,1.0,0.0,1.0,1.0,1.0,0.0,0.0,0.0,111.32,0.0,0.0,0.0,1.0,1.0,1.0,0.0,0.0,0.0,1.0,1.0,0.0,0.0,0.0,1.0,1.0,1.0,999.0,0.0,0.0,0.0,Y
1.0,1.0,0.0,1.0,0.0,1.0,1.0,1.0,0.0,0.0,0.0,130.15,0.0,0.0,0.0,1.0,1.0,1.0,0.0,0.0,0.0,1.0,1.0,0.0,0.0,0.0,1.0,1.0,1.0,999.0,0.0,0.0,0.0,Y
1.0,1.0,57.93,0.0,0.0,1.0,1.0,1.0,57.93,57.93,57.93,0.0,1.0,1.0,1.0,0.0,0.0,0.0,0.0,0.0,0.0,1.0,1.0,57.93,57.93,57.93,0.0,0.0,0.0,999.0,0.0,0.0,0.0,N
1.0,1.0,36.69,0.0,0.0,1.0,1.0,1.0,36.69,36.69,36.69,0.0,1.0,1.0,1.0,0.0,0.0,0.0,0.0,0.0,0.0,1.0,1.0,36.69,36.69,36.69,0.0,0.0,0.0,999.0,0.0,0.0,0.0,Y
1.0,1.0,73.619998,0.0,0.0,1.0,1.0,1.0,73.619998,73.619998,73.619998,0.0,1.0,1.0,1.0,0.0,0.0,0.0,0.0,0.0,0.0,1.0,1.0,73.619998,73.619998,73.619998,0.0,0.0,0.0,999.0,0.0,0.0,0.0,N
1.0,1.0,0.0,1.0,0.0,1.0,1.0,1.0,0.0,0.0,0.0,828.12,0.0,0.0,0.0,1.0,1.0,1.0,0.0,0.0,0.0,1.0,1.0,0.0,0.0,0.0,1.0,1.0,1.0,999.0,0.0,0.0,0.0,N
1.0,1.0,0.0,1.0,0.0,1.0,1.0,1.0,0.0,0.0,0.0,72.05,0.0,0.0,0.0,1.0,1.0,1.0,0.0,0.0,0.0,1.0,1.0,0.0,0.0,0.0,1.0,1.0,1.0,999.0,0.0,0.0,0.0,Y
1.0,1.0,0.0,1.0,0.0,1.0,1.0,1.0,0.0,0.0,0.0,67.789999,0.0,0.0,0.0,1.0,1.0,1.0,0.0,0.0,0.0,1.0,1.0,0.0,0.0,0.0,1.0,1.0,1.0,999.0,0.0,0.0,0.0,Y
1.0,1.0,0.0,1.0,0.0,1.0,1.0,1.0,0.0,0.0,0.0,83.009999,0.0,0.0,0.0,1.0,1.0,1.0,0.0,0.0,0.0,1.0,1.0,0.0,0.0,0.0,1.0,1.0,1.0,999.0,0.0,0.0,0.0,Y
1.0,1.0,0.0,0.0,0.0,1.0,1.0,1.0,0.0,0.0,0.0,0.0,0.0,0.0,0.0,0.0,0.0,0.0,0.0,0.0,0.0,1.0,1.0,0.0,0.0,0.0,0.0,0.0,0.0,999.0,0.0,0.0,0.0,Y
1.0,1.0,0.0,1.0,0.0,1.0,1.0,1.0,0.0,0.0,0.0,85.14,0.0,0.0,0.0,1.0,1.0,1.0,0.0,0.0,0.0,1.0,1.0,0.0,0.0,0.0,1.0,1.0,1.0,999.0,0.0,0.0,0.0,Y
1.0,1.0,0.0,1.0,0.0,1.0,1.0,1.0,0.0,0.0,0.0,55.059999,0.0,0.0,0.0,1.0,1.0,1.0,0.0,0.0,0.0,1.0,1.0,0.0,0.0,0.0,1.0,1.0,1.0,999.0,0.0,0.0,0.0,Y
2.0,2.0,126.199998,0.0,0.0,2.0,2.0,2.0,126.199998,126.199998,126.199998,0.0,2.0,2.0,2.0,0.0,0.0,0.0,0.0,0.0,0.0,2.0,2.0,126.199998,126.199998,126.199998,0.0,0.0,0.0,999.0,0.0,0.0,0.0,N
1.0,1.0,0.0,1.0,0.0,1.0,1.0,1.0,0.0,0.0,0.0,71.13,0.0,0.0,0.0,1.0,1.0,1.0,0.0,0.0,0.0,1.0,1.0,0.0,0.0,0.0,1.0,1.0,1.0,999.0,0.0,0.0,0.0,Y
1.0,1.0,0.0,1.0,0.0,1.0,1.0,1.0,0.0,0.0,0.0,187.94,0.0,0.0,0.0,1.0,1.0,1.0,0.0,0.0,0.0,1.0,1.0,0.0,0.0,0.0,1.0,1.0,1.0,999.0,0.0,0.0,0.0,N
1.0,1.0,0.0,0.0,0.0,1.0,1.0,1.0,0.0,0.0,0.0,0.0,0.0,0.0,0.0,0.0,0.0,0.0,0.0,0.0,0.0,1.0,1.0,0.0,0.0,0.0,0.0,0.0,0.0,999.0,0.0,0.0,0.0,Y
1.0,1.0,0.0,1.0,0.0,1.0,1.0,1.0,0.0,0.0,0.0,68.32,0.0,0.0,0.0,1.0,1.0,1.0,0.0,0.0,0.0,1.0,1.0,0.0,0.0,0.0,1.0,1.0,1.0,999.0,0.0,0.0,0.0,Y
1.0,1.0,95.21,0.0,0.0,1.0,1.0,1.0,95.21,95.21,95.21,0.0,1.0,1.0,1.0,0.0,0.0,0.0,0.0,0.0,0.0,1.0,1.0,95.21,95.21,95.21,0.0,0.0,0.0,999.0,0.0,0.0,0.0,N
1.0,1.0,0.0,1.0,0.0,1.0,1.0,1.0,0.0,0.0,0.0,182.0,0.0,0.0,0.0,1.0,1.0,1.0,0.0,0.0,0.0,1.0,1.0,0.0,0.0,0.0,1.0,1.0,1.0,999.0,0.0,0.0,0.0,N
1.0,1.0,284.229998,0.0,0.0,1.0,1.0,1.0,284.229998,284.229998,284.229998,0.0,1.0,1.0,1.0,0.0,0.0,0.0,0.0,0.0,0.0,1.0,1.0,284.229998,284.229998,284.229998,0.0,0.0,0.0,999.0,0.0,0.0,0.0,N
1.0,1.0,0.0,1.0,0.0,1.0,1.0,1.0,0.0,0.0,0.0,37.129999,0.0,0.0,0.0,1.0,1.0,1.0,0.0,0.0,0.0,1.0,1.0,0.0,0.0,0.0,1.0,1.0,1.0,999.0,0.0,0.0,0.0,Y
1.0,1.0,0.0,1.0,0.0,1.0,1.0,1.0,0.0,0.0,0.0,35.089999,0.0,0.0,0.0,1.0,1.0,1.0,0.0,0.0,0.0,1.0,1.0,0.0,0.0,0.0,1.0,1.0,1.0,999.0,0.0,0.0,0.0,Y
1.0,1.0,0.0,1.0,0.0,1.0,1.0,1.0,0.0,0.0,0.0,178.459998,0.0,0.0,0.0,1.0,1.0,1.0,0.0,0.0,0.0,1.0,1.0,0.0,0.0,0.0,1.0,1.0,1.0,999.0,0.0,0.0,0.0,N
1.0,1.0,0.0,1.0,0.0,1.0,1.0,1.0,0.0,0.0,0.0,284.0,0.0,0.0,0.0,1.0,1.0,1.0,0.0,0.0,0.0,1.0,1.0,0.0,0.0,0.0,1.0,1.0,1.0,999.0,0.0,0.0,0.0,N
1.0,1.0,0.0,1.0,0.0,1.0,1.0,1.0,0.0,0.0,0.0,115.399999,0.0,0.0,0.0,1.0,1.0,1.0,0.0,0.0,0.0,1.0,1.0,0.0,0.0,0.0,1.0,1.0,1.0,999.0,0.0,0.0,0.0,Y
1.0,1.0,92.05,0.0,0.0,1.0,1.0,1.0,92.05,92.05,92.05,0.0,1.0,1.0,1.0,0.0,0.0,0.0,0.0,0.0,0.0,1.0,1.0,92.05,92.05,92.05,0.0,0.0,0.0,999.0,0.0,0.0,0.0,N
1.0,1.0,0.0,1.0,0.0,1.0,1.0,1.0,0.0,0.0,0.0,246.38,0.0,0.0,0.0,1.0,1.0,1.0,0.0,0.0,0.0,1.0,1.0,0.0,0.0,0.0,1.0,1.0,1.0,999.0,0.0,0.0,0.0,N
1.0,1.0,0.0,1.0,0.0,1.0,1.0,1.0,0.0,0.0,0.0,27.869999,0.0,0.0,0.0,1.0,1.0,1.0,0.0,0.0,0.0,1.0,1.0,0.0,0.0,0.0,1.0,1.0,1.0,999.0,0.0,0.0,0.0,Y
1.0,1.0,0.0,1.0,0.0,1.0,1.0,1.0,0.0,0.0,0.0,51.14,0.0,0.0,0.0,1.0,1.0,1.0,0.0,0.0,0.0,1.0,1.0,0.0,0.0,0.0,1.0,1.0,1.0,999.0,0.0,0.0,0.0,Y
1.0,1.0,0.0,1.0,0.0,1.0,1.0,1.0,0.0,0.0,0.0,71.85,0.0,0.0,0.0,1.0,1.0,1.0,0.0,0.0,0.0,1.0,1.0,0.0,0.0,0.0,1.0,1.0,1.0,999.0,0.0,0.0,0.0,Y
1.0,1.0,0.0,0.0,1.0,1.0,1.0,1.0,0.0,0.0,0.0,0.0,0.0,0.0,0.0,0.0,0.0,0.0,1.0,1.0,1.0,1.0,1.0,0.0,0.0,0.0,0.0,0.0,0.0,0.0,1.0,1.0,1.0,Y
1.0,1.0,0.0,1.0,0.0,1.0,1.0,1.0,0.0,0.0,0.0,127.14,0.0,0.0,0.0,1.0,1.0,1.0,0.0,0.0,0.0,1.0,1.0,0.0,0.0,0.0,1.0,1.0,1.0,999.0,0.0,0.0,0.0,Y
1.0,1.0,0.0,1.0,0.0,1.0,1.0,1.0,0.0,0.0,0.0,740.969998,0.0,0.0,0.0,1.0,1.0,1.0,0.0,0.0,0.0,1.0,1.0,0.0,0.0,0.0,1.0,1.0,1.0,999.0,0.0,0.0,0.0,N
1.0,1.0,0.0,1.0,0.0,1.0,1.0,1.0,0.0,0.0,0.0,351.33,0.0,0.0,0.0,1.0,1.0,1.0,0.0,0.0,0.0,1.0,1.0,0.0,0.0,0.0,1.0,1.0,1.0,999.0,0.0,0.0,0.0,N
1.0,1.0,0.0,1.0,0.0,1.0,1.0,1.0,0.0,0.0,0.0,212.429998,0.0,0.0,0.0,1.0,1.0,1.0,0.0,0.0,0.0,1.0,1.0,0.0,0.0,0.0,1.0,1.0,1.0,999.0,0.0,0.0,0.0,N
1.0,1.0,0.0,1.0,0.0,1.0,1.0,1.0,0.0,0.0,0.0,292.36,0.0,0.0,0.0,1.0,1.0,1.0,0.0,0.0,0.0,1.0,1.0,0.0,0.0,0.0,1.0,1.0,1.0,999.0,0.0,0.0,0.0,N
1.0,1.0,0.0,1.0,0.0,1.0,1.0,1.0,0.0,0.0,0.0,109.309998,0.0,0.0,0.0,1.0,1.0,1.0,0.0,0.0,0.0,1.0,1.0,0.0,0.0,0.0,1.0,1.0,1.0,999.0,0.0,0.0,0.0,Y
1.0,1.0,0.0,1.0,0.0,1.0,1.0,1.0,0.0,0.0,0.0,137.989998,0.0,0.0,0.0,1.0,1.0,1.0,0.0,0.0,0.0,1.0,1.0,0.0,0.0,0.0,1.0,1.0,1.0,999.0,0.0,0.0,0.0,Y
1.0,1.0,28.689999,0.0,0.0,1.0,1.0,1.0,28.689999,28.689999,28.689999,0.0,1.0,1.0,1.0,0.0,0.0,0.0,0.0,0.0,0.0,1.0,1.0,28.689999,28.689999,28.689999,0.0,0.0,0.0,999.0,0.0,0.0,0.0,N
1.0,1.0,0.0,1.0,0.0,1.0,1.0,1.0,0.0,0.0,0.0,65.0,0.0,0.0,0.0,1.0,1.0,1.0,0.0,0.0,0.0,1.0,1.0,0.0,0.0,0.0,1.0,1.0,1.0,999.0,0.0,0.0,0.0,Y
1.0,1.0,0.0,1.0,0.0,1.0,1.0,1.0,0.0,0.0,0.0,147.15,0.0,0.0,0.0,1.0,1.0,1.0,0.0,0.0,0.0,1.0,1.0,0.0,0.0,0.0,1.0,1.0,1.0,999.0,0.0,0.0,0.0,Y
1.0,1.0,0.0,1.0,0.0,1.0,1.0,1.0,0.0,0.0,0.0,185.9,0.0,0.0,0.0,1.0,1.0,1.0,0.0,0.0,0.0,1.0,1.0,0.0,0.0,0.0,1.0,1.0,1.0,999.0,0.0,0.0,0.0,N
1.0,1.0,0.0,1.0,0.0,1.0,1.0,1.0,0.0,0.0,0.0,215.049998,0.0,0.0,0.0,1.0,1.0,1.0,0.0,0.0,0.0,1.0,1.0,0.0,0.0,0.0,1.0,1.0,1.0,999.0,0.0,0.0,0.0,N
1.0,1.0,128.45,0.0,0.0,1.0,1.0,1.0,128.45,128.45,128.45,0.0,1.0,1.0,1.0,0.0,0.0,0.0,0.0,0.0,0.0,1.0,1.0,128.45,128.45,128.45,0.0,0.0,0.0,999.0,0.0,0.0,0.0,N
1.0,1.0,0.0,1.0,0.0,1.0,1.0,1.0,0.0,0.0,0.0,95.83,0.0,0.0,0.0,1.0,1.0,1.0,0.0,0.0,0.0,1.0,1.0,0.0,0.0,0.0,1.0,1.0,1.0,999.0,0.0,0.0,0.0,Y
1.0,1.0,0.0,1.0,0.0,1.0,1.0,1.0,0.0,0.0,0.0,44.089999,0.0,0.0,0.0,1.0,1.0,1.0,0.0,0.0,0.0,1.0,1.0,0.0,0.0,0.0,1.0,1.0,1.0,999.0,0.0,0.0,0.0,Y
1.0,1.0,68.89,0.0,0.0,1.0,1.0,1.0,68.89,68.89,68.89,0.0,1.0,1.0,1.0,0.0,0.0,0.0,0.0,0.0,0.0,1.0,1.0,68.89,68.89,68.89,0.0,0.0,0.0,999.0,0.0,0.0,0.0,N
1.0,1.0,0.0,1.0,0.0,1.0,1.0,1.0,0.0,0.0,0.0,81.24,0.0,0.0,0.0,1.0,1.0,1.0,0.0,0.0,0.0,1.0,1.0,0.0,0.0,0.0,1.0,1.0,1.0,999.0,0.0,0.0,0.0,Y
1.0,1.0,45.199999,0.0,0.0,1.0,1.0,1.0,45.199999,45.199999,45.199999,0.0,1.0,1.0,1.0,0.0,0.0,0.0,0.0,0.0,0.0,1.0,1.0,45.199999,45.199999,45.199999,0.0,0.0,0.0,999.0,0.0,0.0,0.0,Y
1.0,1.0,0.0,1.0,0.0,1.0,1.0,1.0,0.0,0.0,0.0,159.31,0.0,0.0,0.0,1.0,1.0,1.0,0.0,0.0,0.0,1.0,1.0,0.0,0.0,0.0,1.0,1.0,1.0,999.0,0.0,0.0,0.0,N
1.0,1.0,0.0,1.0,0.0,1.0,1.0,1.0,0.0,0.0,0.0,34.86,0.0,0.0,0.0,1.0,1.0,1.0,0.0,0.0,0.0,1.0,1.0,0.0,0.0,0.0,1.0,1.0,1.0,999.0,0.0,0.0,0.0,Y
1.0,1.0,0.0,1.0,0.0,1.0,1.0,1.0,0.0,0.0,0.0,420.94,0.0,0.0,0.0,1.0,1.0,1.0,0.0,0.0,0.0,1.0,1.0,0.0,0.0,0.0,1.0,1.0,1.0,999.0,0.0,0.0,0.0,N
1.0,1.0,0.0,1.0,0.0,1.0,1.0,1.0,0.0,0.0,0.0,584.439999,0.0,0.0,0.0,1.0,1.0,1.0,0.0,0.0,0.0,1.0,1.0,0.0,0.0,0.0,1.0,1.0,1.0,999.0,0.0,0.0,0.0,N
1.0,1.0,127.71,0.0,0.0,1.0,1.0,1.0,127.71,127.71,127.71,0.0,1.0,1.0,1.0,0.0,0.0,0.0,0.0,0.0,0.0,1.0,1.0,127.71,127.71,127.71,0.0,0.0,0.0,999.0,0.0,0.0,0.0,N
1.0,1.0,0.0,1.0,0.0,1.0,1.0,1.0,0.0,0.0,0.0,40.55,0.0,0.0,0.0,1.0,1.0,1.0,0.0,0.0,0.0,1.0,1.0,0.0,0.0,0.0,1.0,1.0,1.0,999.0,0.0,0.0,0.0,Y
1.0,1.0,0.0,1.0,0.0,1.0,1.0,1.0,0.0,0.0,0.0,40.61,0.0,0.0,0.0,1.0,1.0,1.0,0.0,0.0,0.0,1.0,1.0,0.0,0.0,0.0,1.0,1.0,1.0,999.0,0.0,0.0,0.0,Y
1.0,1.0,0.0,1.0,0.0,1.0,1.0,1.0,0.0,0.0,0.0,249.76,0.0,0.0,0.0,1.0,1.0,1.0,0.0,0.0,0.0,1.0,1.0,0.0,0.0,0.0,1.0,1.0,1.0,999.0,0.0,0.0,0.0,N
1.0,1.0,0.0,1.0,0.0,1.0,1.0,1.0,0.0,0.0,0.0,92.57,0.0,0.0,0.0,1.0,1.0,1.0,0.0,0.0,0.0,1.0,1.0,0.0,0.0,0.0,1.0,1.0,1.0,999.0,0.0,0.0,0.0,Y
1.0,1.0,0.0,0.0,1.0,1.0,1.0,1.0,0.0,0.0,0.0,0.0,0.0,0.0,0.0,0.0,0.0,0.0,1.0,1.0,1.0,1.0,1.0,0.0,0.0,0.0,0.0,0.0,0.0,0.0,1.0,1.0,1.0,Y
1.0,1.0,0.0,1.0,0.0,1.0,1.0,1.0,0.0,0.0,0.0,746.439999,0.0,0.0,0.0,1.0,1.0,1.0,0.0,0.0,0.0,1.0,1.0,0.0,0.0,0.0,1.0,1.0,1.0,999.0,0.0,0.0,0.0,N
1.0,1.0,0.0,1.0,0.0,1.0,1.0,1.0,0.0,0.0,0.0,235.13,0.0,0.0,0.0,1.0,1.0,1.0,0.0,0.0,0.0,1.0,1.0,0.0,0.0,0.0,1.0,1.0,1.0,999.0,0.0,0.0,0.0,N
1.0,1.0,0.0,1.0,0.0,1.0,1.0,1.0,0.0,0.0,0.0,29.689999,0.0,0.0,0.0,1.0,1.0,1.0,0.0,0.0,0.0,1.0,1.0,0.0,0.0,0.0,1.0,1.0,1.0,999.0,0.0,0.0,0.0,Y
1.0,1.0,0.0,1.0,0.0,1.0,1.0,1.0,0.0,0.0,0.0,159.859999,0.0,0.0,0.0,1.0,1.0,1.0,0.0,0.0,0.0,1.0,1.0,0.0,0.0,0.0,1.0,1.0,1.0,999.0,0.0,0.0,0.0,N
1.0,1.0,0.0,1.0,0.0,1.0,1.0,1.0,0.0,0.0,0.0,87.97,0.0,0.0,0.0,1.0,1.0,1.0,0.0,0.0,0.0,1.0,1.0,0.0,0.0,0.0,1.0,1.0,1.0,999.0,0.0,0.0,0.0,Y
2.0,2.0,0.0,1.0,1.0,2.0,2.0,2.0,0.0,0.0,0.0,8.29,0.0,0.0,0.0,1.0,1.0,1.0,1.0,1.0,1.0,2.0,2.0,0.0,0.0,0.0,1.0,1.0,1.0,0.0,1.0,1.0,1.0,N
1.0,1.0,823.17,0.0,0.0,1.0,1.0,1.0,823.17,823.17,823.17,0.0,1.0,1.0,1.0,0.0,0.0,0.0,0.0,0.0,0.0,1.0,1.0,823.17,823.17,823.17,0.0,0.0,0.0,999.0,0.0,0.0,0.0,N
1.0,1.0,0.0,1.0,0.0,1.0,1.0,1.0,0.0,0.0,0.0,70.88,0.0,0.0,0.0,1.0,1.0,1.0,0.0,0.0,0.0,1.0,1.0,0.0,0.0,0.0,1.0,1.0,1.0,999.0,0.0,0.0,0.0,Y
1.0,1.0,0.0,1.0,0.0,1.0,1.0,1.0,0.0,0.0,0.0,92.57,0.0,0.0,0.0,1.0,1.0,1.0,0.0,0.0,0.0,1.0,1.0,0.0,0.0,0.0,1.0,1.0,1.0,999.0,0.0,0.0,0.0,Y
1.0,1.0,0.0,1.0,0.0,1.0,1.0,1.0,0.0,0.0,0.0,49.37,0.0,0.0,0.0,1.0,1.0,1.0,0.0,0.0,0.0,1.0,1.0,0.0,0.0,0.0,1.0,1.0,1.0,999.0,0.0,0.0,0.0,Y
1.0,1.0,0.0,1.0,0.0,1.0,1.0,1.0,0.0,0.0,0.0,75.19,0.0,0.0,0.0,1.0,1.0,1.0,0.0,0.0,0.0,1.0,1.0,0.0,0.0,0.0,1.0,1.0,1.0,999.0,0.0,0.0,0.0,Y
1.0,1.0,213.429998,0.0,0.0,1.0,1.0,1.0,213.429998,213.429998,213.429998,0.0,1.0,1.0,1.0,0.0,0.0,0.0,0.0,0.0,0.0,1.0,1.0,213.429998,213.429998,213.429998,0.0,0.0,0.0,999.0,0.0,0.0,0.0,N
1.0,1.0,0.0,1.0,0.0,1.0,1.0,1.0,0.0,0.0,0.0,161.62,0.0,0.0,0.0,1.0,1.0,1.0,0.0,0.0,0.0,1.0,1.0,0.0,0.0,0.0,1.0,1.0,1.0,999.0,0.0,0.0,0.0,N
1.0,1.0,0.0,1.0,0.0,1.0,1.0,1.0,0.0,0.0,0.0,123.47,0.0,0.0,0.0,1.0,1.0,1.0,0.0,0.0,0.0,1.0,1.0,0.0,0.0,0.0,1.0,1.0,1.0,999.0,0.0,0.0,0.0,Y
2.0,2.0,0.0,1.0,1.0,2.0,2.0,2.0,0.0,0.0,0.0,14.52,0.0,0.0,0.0,1.0,1.0,1.0,1.0,1.0,1.0,2.0,2.0,0.0,0.0,0.0,1.0,1.0,1.0,0.0,1.0,1.0,1.0,N
1.0,1.0,0.0,1.0,0.0,1.0,1.0,1.0,0.0,0.0,0.0,36.98,0.0,0.0,0.0,1.0,1.0,1.0,0.0,0.0,0.0,1.0,1.0,0.0,0.0,0.0,1.0,1.0,1.0,999.0,0.0,0.0,0.0,Y
1.0,1.0,0.0,1.0,0.0,1.0,1.0,1.0,0.0,0.0,0.0,227.269998,0.0,0.0,0.0,1.0,1.0,1.0,0.0,0.0,0.0,1.0,1.0,0.0,0.0,0.0,1.0,1.0,1.0,999.0,0.0,0.0,0.0,N
1.0,1.0,0.0,1.0,0.0,1.0,1.0,1.0,0.0,0.0,0.0,35.0,0.0,0.0,0.0,1.0,1.0,1.0,0.0,0.0,0.0,1.0,1.0,0.0,0.0,0.0,1.0,1.0,1.0,999.0,0.0,0.0,0.0,Y
1.0,1.0,0.0,1.0,0.0,1.0,1.0,1.0,0.0,0.0,0.0,273.25,0.0,0.0,0.0,1.0,1.0,1.0,0.0,0.0,0.0,1.0,1.0,0.0,0.0,0.0,1.0,1.0,1.0,999.0,0.0,0.0,0.0,N
1.0,1.0,0.0,1.0,0.0,1.0,1.0,1.0,0.0,0.0,0.0,475.469999,0.0,0.0,0.0,1.0,1.0,1.0,0.0,0.0,0.0,1.0,1.0,0.0,0.0,0.0,1.0,1.0,1.0,999.0,0.0,0.0,0.0,N
1.0,1.0,0.0,0.0,1.0,1.0,1.0,1.0,0.0,0.0,0.0,0.0,0.0,0.0,0.0,0.0,0.0,0.0,1.0,1.0,1.0,1.0,1.0,0.0,0.0,0.0,0.0,0.0,0.0,0.0,1.0,1.0,1.0,Y
1.0,1.0,0.0,1.0,0.0,1.0,1.0,1.0,0.0,0.0,0.0,147.959998,0.0,0.0,0.0,1.0,1.0,1.0,0.0,0.0,0.0,1.0,1.0,0.0,0.0,0.0,1.0,1.0,1.0,999.0,0.0,0.0,0.0,Y
1.0,1.0,0.0,1.0,0.0,1.0,1.0,1.0,0.0,0.0,0.0,24.68,0.0,0.0,0.0,1.0,1.0,1.0,0.0,0.0,0.0,1.0,1.0,0.0,0.0,0.0,1.0,1.0,1.0,999.0,0.0,0.0,0.0,Y
1.0,1.0,0.0,1.0,0.0,1.0,1.0,1.0,0.0,0.0,0.0,152.17,0.0,0.0,0.0,1.0,1.0,1.0,0.0,0.0,0.0,1.0,1.0,0.0,0.0,0.0,1.0,1.0,1.0,999.0,0.0,0.0,0.0,N
1.0,1.0,0.0,0.0,1.0,1.0,1.0,1.0,0.0,0.0,0.0,0.0,0.0,0.0,0.0,0.0,0.0,0.0,1.0,1.0,1.0,1.0,1.0,0.0,0.0,0.0,0.0,0.0,0.0,0.0,1.0,1.0,1.0,Y
1.0,1.0,0.0,1.0,0.0,1.0,1.0,1.0,0.0,0.0,0.0,48.72,0.0,0.0,0.0,1.0,1.0,1.0,0.0,0.0,0.0,1.0,1.0,0.0,0.0,0.0,1.0,1.0,1.0,999.0,0.0,0.0,0.0,Y
1.0,1.0,0.0,1.0,0.0,1.0,1.0,1.0,0.0,0.0,0.0,58.589999,0.0,0.0,0.0,1.0,1.0,1.0,0.0,0.0,0.0,1.0,1.0,0.0,0.0,0.0,1.0,1.0,1.0,999.0,0.0,0.0,0.0,Y
1.0,1.0,185.03,0.0,0.0,1.0,1.0,1.0,185.03,185.03,185.03,0.0,1.0,1.0,1.0,0.0,0.0,0.0,0.0,0.0,0.0,1.0,1.0,185.03,185.03,185.03,0.0,0.0,0.0,999.0,0.0,0.0,0.0,N
1.0,1.0,0.0,1.0,0.0,1.0,1.0,1.0,0.0,0.0,0.0,33.54,0.0,0.0,0.0,1.0,1.0,1.0,0.0,0.0,0.0,1.0,1.0,0.0,0.0,0.0,1.0,1.0,1.0,999.0,0.0,0.0,0.0,Y
1.0,1.0,0.0,1.0,0.0,1.0,1.0,1.0,0.0,0.0,0.0,114.259999,0.0,0.0,0.0,1.0,1.0,1.0,0.0,0.0,0.0,1.0,1.0,0.0,0.0,0.0,1.0,1.0,1.0,999.0,0.0,0.0,0.0,Y
1.0,1.0,0.0,1.0,0.0,1.0,1.0,1.0,0.0,0.0,0.0,446.88,0.0,0.0,0.0,1.0,1.0,1.0,0.0,0.0,0.0,1.0,1.0,0.0,0.0,0.0,1.0,1.0,1.0,999.0,0.0,0.0,0.0,N
1.0,1.0,0.0,1.0,0.0,1.0,1.0,1.0,0.0,0.0,0.0,220.54,0.0,0.0,0.0,1.0,1.0,1.0,0.0,0.0,0.0,1.0,1.0,0.0,0.0,0.0,1.0,1.0,1.0,999.0,0.0,0.0,0.0,N
1.0,1.0,0.0,1.0,0.0,1.0,1.0,1.0,0.0,0.0,0.0,47.72,0.0,0.0,0.0,1.0,1.0,1.0,0.0,0.0,0.0,1.0,1.0,0.0,0.0,0.0,1.0,1.0,1.0,999.0,0.0,0.0,0.0,Y
1.0,1.0,0.0,1.0,0.0,1.0,1.0,1.0,0.0,0.0,0.0,110.82,0.0,0.0,0.0,1.0,1.0,1.0,0.0,0.0,0.0,1.0,1.0,0.0,0.0,0.0,1.0,1.0,1.0,999.0,0.0,0.0,0.0,Y
1.0,1.0,125.69,0.0,0.0,1.0,1.0,1.0,125.69,125.69,125.69,0.0,1.0,1.0,1.0,0.0,0.0,0.0,0.0,0.0,0.0,1.0,1.0,125.69,125.69,125.69,0.0,0.0,0.0,999.0,0.0,0.0,0.0,N
1.0,1.0,0.0,1.0,0.0,1.0,1.0,1.0,0.0,0.0,0.0,115.92,0.0,0.0,0.0,1.0,1.0,1.0,0.0,0.0,0.0,1.0,1.0,0.0,0.0,0.0,1.0,1.0,1.0,999.0,0.0,0.0,0.0,Y
1.0,1.0,0.0,1.0,0.0,1.0,1.0,1.0,0.0,0.0,0.0,69.07,0.0,0.0,0.0,1.0,1.0,1.0,0.0,0.0,0.0,1.0,1.0,0.0,0.0,0.0,1.0,1.0,1.0,999.0,0.0,0.0,0.0,Y
1.0,1.0,0.0,1.0,0.0,1.0,1.0,1.0,0.0,0.0,0.0,134.579999,0.0,0.0,0.0,1.0,1.0,1.0,0.0,0.0,0.0,1.0,1.0,0.0,0.0,0.0,1.0,1.0,1.0,999.0,0.0,0.0,0.0,Y
1.0,1.0,0.0,1.0,0.0,2.0,1.0,1.0,0.0,0.0,0.0,214.899998,0.0,0.0,0.0,2.0,1.0,1.0,0.0,0.0,0.0,1.0,1.0,0.0,0.0,0.0,1.0,1.0,1.0,999.0,0.0,0.0,0.0,Y
1.0,1.0,0.0,1.0,0.0,1.0,1.0,1.0,0.0,0.0,0.0,20.029999,0.0,0.0,0.0,1.0,1.0,1.0,0.0,0.0,0.0,1.0,1.0,0.0,0.0,0.0,1.0,1.0,1.0,999.0,0.0,0.0,0.0,Y
1.0,1.0,0.0,1.0,0.0,1.0,1.0,1.0,0.0,0.0,0.0,53.699999,0.0,0.0,0.0,1.0,1.0,1.0,0.0,0.0,0.0,1.0,1.0,0.0,0.0,0.0,1.0,1.0,1.0,999.0,0.0,0.0,0.0,Y
1.0,1.0,33.68,0.0,0.0,1.0,1.0,1.0,33.68,33.68,33.68,0.0,1.0,1.0,1.0,0.0,0.0,0.0,0.0,0.0,0.0,1.0,1.0,33.68,33.68,33.68,0.0,0.0,0.0,999.0,0.0,0.0,0.0,Y
1.0,1.0,0.0,1.0,0.0,1.0,1.0,1.0,0.0,0.0,0.0,150.29,0.0,0.0,0.0,1.0,1.0,1.0,0.0,0.0,0.0,1.0,1.0,0.0,0.0,0.0,1.0,1.0,1.0,999.0,0.0,0.0,0.0,Y
1.0,1.0,0.0,1.0,0.0,1.0,1.0,1.0,0.0,0.0,0.0,41.75,0.0,0.0,0.0,1.0,1.0,1.0,0.0,0.0,0.0,1.0,1.0,0.0,0.0,0.0,1.0,1.0,1.0,999.0,0.0,0.0,0.0,Y
1.0,1.0,0.0,1.0,0.0,1.0,1.0,1.0,0.0,0.0,0.0,346.45,0.0,0.0,0.0,1.0,1.0,1.0,0.0,0.0,0.0,1.0,1.0,0.0,0.0,0.0,1.0,1.0,1.0,999.0,0.0,0.0,0.0,N
1.0,1.0,0.0,1.0,0.0,1.0,1.0,1.0,0.0,0.0,0.0,189.84,0.0,0.0,0.0,1.0,1.0,1.0,0.0,0.0,0.0,1.0,1.0,0.0,0.0,0.0,1.0,1.0,1.0,999.0,0.0,0.0,0.0,N
1.0,1.0,0.0,1.0,0.0,1.0,1.0,1.0,0.0,0.0,0.0,98.089998,0.0,0.0,0.0,1.0,1.0,1.0,0.0,0.0,0.0,1.0,1.0,0.0,0.0,0.0,1.0,1.0,1.0,999.0,0.0,0.0,0.0,Y
1.0,1.0,0.0,1.0,0.0,1.0,1.0,1.0,0.0,0.0,0.0,80.2,0.0,0.0,0.0,1.0,1.0,1.0,0.0,0.0,0.0,1.0,1.0,0.0,0.0,0.0,1.0,1.0,1.0,999.0,0.0,0.0,0.0,Y
1.0,1.0,0.0,1.0,0.0,1.0,1.0,1.0,0.0,0.0,0.0,4016.91,0.0,0.0,0.0,1.0,1.0,1.0,0.0,0.0,0.0,1.0,1.0,0.0,0.0,0.0,1.0,1.0,1.0,999.0,0.0,0.0,0.0,N
1.0,1.0,30.13,0.0,0.0,1.0,1.0,1.0,30.13,30.13,30.13,0.0,1.0,1.0,1.0,0.0,0.0,0.0,0.0,0.0,0.0,1.0,1.0,30.13,30.13,30.13,0.0,0.0,0.0,999.0,0.0,0.0,0.0,N
1.0,1.0,0.0,1.0,0.0,1.0,1.0,1.0,0.0,0.0,0.0,55.089999,0.0,0.0,0.0,1.0,1.0,1.0,0.0,0.0,0.0,1.0,1.0,0.0,0.0,0.0,1.0,1.0,1.0,999.0,0.0,0.0,0.0,Y
1.0,1.0,0.0,1.0,0.0,1.0,1.0,1.0,0.0,0.0,0.0,86.42,0.0,0.0,0.0,1.0,1.0,1.0,0.0,0.0,0.0,1.0,1.0,0.0,0.0,0.0,1.0,1.0,1.0,999.0,0.0,0.0,0.0,Y
1.0,1.0,0.0,1.0,0.0,1.0,1.0,1.0,0.0,0.0,0.0,299.76,0.0,0.0,0.0,1.0,1.0,1.0,0.0,0.0,0.0,1.0,1.0,0.0,0.0,0.0,1.0,1.0,1.0,999.0,0.0,0.0,0.0,N
1.0,1.0,0.0,1.0,0.0,1.0,1.0,1.0,0.0,0.0,0.0,45.48,0.0,0.0,0.0,1.0,1.0,1.0,0.0,0.0,0.0,1.0,1.0,0.0,0.0,0.0,1.0,1.0,1.0,999.0,0.0,0.0,0.0,Y
1.0,1.0,0.0,1.0,0.0,1.0,1.0,1.0,0.0,0.0,0.0,18.83,0.0,0.0,0.0,1.0,1.0,1.0,0.0,0.0,0.0,1.0,1.0,0.0,0.0,0.0,1.0,1.0,1.0,999.0,0.0,0.0,0.0,Y
1.0,1.0,0.0,1.0,0.0,1.0,1.0,1.0,0.0,0.0,0.0,81.2,0.0,0.0,0.0,1.0,1.0,1.0,0.0,0.0,0.0,1.0,1.0,0.0,0.0,0.0,1.0,1.0,1.0,999.0,0.0,0.0,0.0,Y
1.0,1.0,0.0,1.0,0.0,1.0,1.0,1.0,0.0,0.0,0.0,261.9,0.0,0.0,0.0,1.0,1.0,1.0,0.0,0.0,0.0,1.0,1.0,0.0,0.0,0.0,1.0,1.0,1.0,999.0,0.0,0.0,0.0,N
1.0,1.0,41.839999,0.0,0.0,1.0,1.0,1.0,41.839999,41.839999,41.839999,0.0,1.0,1.0,1.0,0.0,0.0,0.0,0.0,0.0,0.0,1.0,1.0,41.839999,41.839999,41.839999,0.0,0.0,0.0,999.0,0.0,0.0,0.0,Y
1.0,1.0,0.0,1.0,0.0,1.0,1.0,1.0,0.0,0.0,0.0,31.38,0.0,0.0,0.0,1.0,1.0,1.0,0.0,0.0,0.0,1.0,1.0,0.0,0.0,0.0,1.0,1.0,1.0,999.0,0.0,0.0,0.0,Y
2.0,2.0,0.0,1.0,1.0,2.0,2.0,2.0,0.0,0.0,0.0,77.35,0.0,0.0,0.0,1.0,1.0,1.0,1.0,1.0,1.0,2.0,2.0,0.0,0.0,0.0,1.0,1.0,1.0,0.0,1.0,1.0,1.0,N
1.0,1.0,0.0,1.0,0.0,1.0,1.0,1.0,0.0,0.0,0.0,67.5,0.0,0.0,0.0,1.0,1.0,1.0,0.0,0.0,0.0,1.0,1.0,0.0,0.0,0.0,1.0,1.0,1.0,999.0,0.0,0.0,0.0,Y
1.0,1.0,0.0,1.0,0.0,1.0,1.0,1.0,0.0,0.0,0.0,155.26,0.0,0.0,0.0,1.0,1.0,1.0,0.0,0.0,0.0,1.0,1.0,0.0,0.0,0.0,1.0,1.0,1.0,999.0,0.0,0.0,0.0,N
2.0,2.0,0.0,1.0,1.0,2.0,2.0,2.0,0.0,0.0,0.0,297.57,0.0,0.0,0.0,1.0,1.0,1.0,1.0,1.0,1.0,2.0,2.0,0.0,0.0,0.0,1.0,1.0,1.0,0.0,1.0,1.0,1.0,N
1.0,1.0,100.33,0.0,0.0,1.0,1.0,1.0,100.33,100.33,100.33,0.0,1.0,1.0,1.0,0.0,0.0,0.0,0.0,0.0,0.0,1.0,1.0,100.33,100.33,100.33,0.0,0.0,0.0,999.0,0.0,0.0,0.0,N
1.0,1.0,0.0,1.0,0.0,1.0,1.0,1.0,0.0,0.0,0.0,117.53,0.0,0.0,0.0,1.0,1.0,1.0,0.0,0.0,0.0,1.0,1.0,0.0,0.0,0.0,1.0,1.0,1.0,999.0,0.0,0.0,0.0,Y
1.0,1.0,96.47,0.0,0.0,1.0,1.0,1.0,96.47,96.47,96.47,0.0,1.0,1.0,1.0,0.0,0.0,0.0,0.0,0.0,0.0,1.0,1.0,96.47,96.47,96.47,0.0,0.0,0.0,999.0,0.0,0.0,0.0,N
1.0,1.0,0.0,1.0,0.0,1.0,1.0,1.0,0.0,0.0,0.0,84.91,0.0,0.0,0.0,1.0,1.0,1.0,0.0,0.0,0.0,1.0,1.0,0.0,0.0,0.0,1.0,1.0,1.0,999.0,0.0,0.0,0.0,Y
1.0,1.0,0.0,1.0,0.0,1.0,1.0,1.0,0.0,0.0,0.0,88.899999,0.0,0.0,0.0,1.0,1.0,1.0,0.0,0.0,0.0,1.0,1.0,0.0,0.0,0.0,1.0,1.0,1.0,999.0,0.0,0.0,0.0,Y
1.0,1.0,0.0,1.0,0.0,1.0,1.0,1.0,0.0,0.0,0.0,756.4,0.0,0.0,0.0,1.0,1.0,1.0,0.0,0.0,0.0,1.0,1.0,0.0,0.0,0.0,1.0,1.0,1.0,999.0,0.0,0.0,0.0,N
1.0,1.0,0.0,1.0,0.0,1.0,1.0,1.0,0.0,0.0,0.0,96.71,0.0,0.0,0.0,1.0,1.0,1.0,0.0,0.0,0.0,1.0,1.0,0.0,0.0,0.0,1.0,1.0,1.0,999.0,0.0,0.0,0.0,Y
1.0,1.0,0.0,1.0,0.0,1.0,1.0,1.0,0.0,0.0,0.0,50.01,0.0,0.0,0.0,1.0,1.0,1.0,0.0,0.0,0.0,1.0,1.0,0.0,0.0,0.0,1.0,1.0,1.0,999.0,0.0,0.0,0.0,Y
1.0,1.0,0.0,1.0,0.0,1.0,1.0,1.0,0.0,0.0,0.0,1429.59,0.0,0.0,0.0,1.0,1.0,1.0,0.0,0.0,0.0,1.0,1.0,0.0,0.0,0.0,1.0,1.0,1.0,999.0,0.0,0.0,0.0,N
2.0,2.0,0.0,1.0,1.0,2.0,2.0,2.0,0.0,0.0,0.0,42.51,0.0,0.0,0.0,1.0,1.0,1.0,1.0,1.0,1.0,2.0,2.0,0.0,0.0,0.0,1.0,1.0,1.0,0.0,1.0,1.0,1.0,N
1.0,1.0,0.0,1.0,0.0,1.0,1.0,1.0,0.0,0.0,0.0,197.679998,0.0,0.0,0.0,1.0,1.0,1.0,0.0,0.0,0.0,1.0,1.0,0.0,0.0,0.0,1.0,1.0,1.0,999.0,0.0,0.0,0.0,N
1.0,1.0,0.0,1.0,0.0,1.0,1.0,1.0,0.0,0.0,0.0,63.44,0.0,0.0,0.0,1.0,1.0,1.0,0.0,0.0,0.0,1.0,1.0,0.0,0.0,0.0,1.0,1.0,1.0,999.0,0.0,0.0,0.0,Y
1.0,1.0,0.0,1.0,0.0,1.0,1.0,1.0,0.0,0.0,0.0,74.16,0.0,0.0,0.0,1.0,1.0,1.0,0.0,0.0,0.0,1.0,1.0,0.0,0.0,0.0,1.0,1.0,1.0,999.0,0.0,0.0,0.0,Y
1.0,1.0,0.0,1.0,0.0,1.0,1.0,1.0,0.0,0.0,0.0,82.229998,0.0,0.0,0.0,1.0,1.0,1.0,0.0,0.0,0.0,1.0,1.0,0.0,0.0,0.0,1.0,1.0,1.0,999.0,0.0,0.0,0.0,Y
1.0,1.0,0.0,1.0,0.0,1.0,1.0,1.0,0.0,0.0,0.0,105.74,0.0,0.0,0.0,1.0,1.0,1.0,0.0,0.0,0.0,1.0,1.0,0.0,0.0,0.0,1.0,1.0,1.0,999.0,0.0,0.0,0.0,Y
1.0,1.0,41.72,0.0,0.0,1.0,1.0,1.0,41.72,41.72,41.72,0.0,1.0,1.0,1.0,0.0,0.0,0.0,0.0,0.0,0.0,1.0,1.0,41.72,41.72,41.72,0.0,0.0,0.0,999.0,0.0,0.0,0.0,Y
1.0,1.0,0.0,1.0,0.0,1.0,1.0,1.0,0.0,0.0,0.0,119.39,0.0,0.0,0.0,1.0,1.0,1.0,0.0,0.0,0.0,1.0,1.0,0.0,0.0,0.0,1.0,1.0,1.0,999.0,0.0,0.0,0.0,Y
1.0,1.0,0.0,1.0,0.0,1.0,1.0,1.0,0.0,0.0,0.0,675.01,0.0,0.0,0.0,1.0,1.0,1.0,0.0,0.0,0.0,1.0,1.0,0.0,0.0,0.0,1.0,1.0,1.0,999.0,0.0,0.0,0.0,N
1.0,1.0,0.0,1.0,0.0,1.0,1.0,1.0,0.0,0.0,0.0,368.44,0.0,0.0,0.0,1.0,1.0,1.0,0.0,0.0,0.0,1.0,1.0,0.0,0.0,0.0,1.0,1.0,1.0,999.0,0.0,0.0,0.0,N
1.0,1.0,47.82,0.0,0.0,1.0,1.0,1.0,47.82,47.82,47.82,0.0,1.0,1.0,1.0,0.0,0.0,0.0,0.0,0.0,0.0,1.0,1.0,47.82,47.82,47.82,0.0,0.0,0.0,999.0,0.0,0.0,0.0,Y
1.0,1.0,58.0,0.0,0.0,1.0,1.0,1.0,58.0,58.0,58.0,0.0,1.0,1.0,1.0,0.0,0.0,0.0,0.0,0.0,0.0,1.0,1.0,58.0,58.0,58.0,0.0,0.0,0.0,999.0,0.0,0.0,0.0,N
1.0,1.0,0.0,1.0,0.0,1.0,1.0,1.0,0.0,0.0,0.0,63.269999,0.0,0.0,0.0,1.0,1.0,1.0,0.0,0.0,0.0,1.0,1.0,0.0,0.0,0.0,1.0,1.0,1.0,999.0,0.0,0.0,0.0,Y
1.0,1.0,0.0,1.0,0.0,1.0,1.0,1.0,0.0,0.0,0.0,90.88,0.0,0.0,0.0,1.0,1.0,1.0,0.0,0.0,0.0,1.0,1.0,0.0,0.0,0.0,1.0,1.0,1.0,999.0,0.0,0.0,0.0,Y
1.0,1.0,0.0,1.0,0.0,1.0,1.0,1.0,0.0,0.0,0.0,150.049998,0.0,0.0,0.0,1.0,1.0,1.0,0.0,0.0,0.0,1.0,1.0,0.0,0.0,0.0,1.0,1.0,1.0,999.0,0.0,0.0,0.0,Y
1.0,1.0,0.0,1.0,0.0,1.0,1.0,1.0,0.0,0.0,0.0,133.67,0.0,0.0,0.0,1.0,1.0,1.0,0.0,0.0,0.0,1.0,1.0,0.0,0.0,0.0,1.0,1.0,1.0,999.0,0.0,0.0,0.0,Y
1.0,1.0,167.76,0.0,0.0,1.0,1.0,1.0,167.76,167.76,167.76,0.0,1.0,1.0,1.0,0.0,0.0,0.0,0.0,0.0,0.0,1.0,1.0,167.76,167.76,167.76,0.0,0.0,0.0,999.0,0.0,0.0,0.0,N
1.0,1.0,0.0,1.0,0.0,1.0,1.0,1.0,0.0,0.0,0.0,70.789999,0.0,0.0,0.0,1.0,1.0,1.0,0.0,0.0,0.0,1.0,1.0,0.0,0.0,0.0,1.0,1.0,1.0,999.0,0.0,0.0,0.0,Y
2.0,2.0,0.0,1.0,1.0,2.0,2.0,2.0,0.0,0.0,0.0,33.96,0.0,0.0,0.0,1.0,1.0,1.0,1.0,1.0,1.0,2.0,2.0,0.0,0.0,0.0,1.0,1.0,1.0,0.0,1.0,1.0,1.0,N
1.0,1.0,0.0,1.0,0.0,1.0,1.0,1.0,0.0,0.0,0.0,1005.81,0.0,0.0,0.0,1.0,1.0,1.0,0.0,0.0,0.0,1.0,1.0,0.0,0.0,0.0,1.0,1.0,1.0,999.0,0.0,0.0,0.0,N
1.0,1.0,0.0,1.0,0.0,1.0,1.0,1.0,0.0,0.0,0.0,142.1,0.0,0.0,0.0,1.0,1.0,1.0,0.0,0.0,0.0,1.0,1.0,0.0,0.0,0.0,1.0,1.0,1.0,999.0,0.0,0.0,0.0,Y
1.0,1.0,0.0,1.0,0.0,1.0,1.0,1.0,0.0,0.0,0.0,24.0,0.0,0.0,0.0,1.0,1.0,1.0,0.0,0.0,0.0,1.0,1.0,0.0,0.0,0.0,1.0,1.0,1.0,999.0,0.0,0.0,0.0,Y
1.0,1.0,0.0,1.0,0.0,1.0,1.0,1.0,0.0,0.0,0.0,139.03,0.0,0.0,0.0,1.0,1.0,1.0,0.0,0.0,0.0,1.0,1.0,0.0,0.0,0.0,1.0,1.0,1.0,999.0,0.0,0.0,0.0,Y
2.0,2.0,0.0,1.0,1.0,2.0,2.0,2.0,0.0,0.0,0.0,57.879999,0.0,0.0,0.0,1.0,1.0,1.0,1.0,1.0,1.0,2.0,2.0,0.0,0.0,0.0,1.0,1.0,1.0,0.0,1.0,1.0,1.0,N
2.0,2.0,0.0,2.0,0.0,2.0,2.0,2.0,0.0,0.0,0.0,520.43,0.0,0.0,0.0,2.0,2.0,2.0,0.0,0.0,0.0,2.0,2.0,0.0,0.0,0.0,2.0,2.0,2.0,999.0,0.0,0.0,0.0,Y
1.0,1.0,0.0,1.0,0.0,1.0,1.0,1.0,0.0,0.0,0.0,115.649999,0.0,0.0,0.0,1.0,1.0,1.0,0.0,0.0,0.0,1.0,1.0,0.0,0.0,0.0,1.0,1.0,1.0,999.0,0.0,0.0,0.0,Y
1.0,1.0,0.0,1.0,0.0,1.0,1.0,1.0,0.0,0.0,0.0,51.69,0.0,0.0,0.0,1.0,1.0,1.0,0.0,0.0,0.0,1.0,1.0,0.0,0.0,0.0,1.0,1.0,1.0,999.0,0.0,0.0,0.0,Y
1.0,1.0,0.0,1.0,0.0,1.0,1.0,1.0,0.0,0.0,0.0,194.79,0.0,0.0,0.0,1.0,1.0,1.0,0.0,0.0,0.0,1.0,1.0,0.0,0.0,0.0,1.0,1.0,1.0,999.0,0.0,0.0,0.0,N
1.0,1.0,0.0,1.0,0.0,1.0,1.0,1.0,0.0,0.0,0.0,241.25,0.0,0.0,0.0,1.0,1.0,1.0,0.0,0.0,0.0,1.0,1.0,0.0,0.0,0.0,1.0,1.0,1.0,999.0,0.0,0.0,0.0,N
1.0,1.0,790.319998,0.0,0.0,1.0,1.0,1.0,790.319998,790.319998,790.319998,0.0,1.0,1.0,1.0,0.0,0.0,0.0,0.0,0.0,0.0,1.0,1.0,790.319998,790.319998,790.319998,0.0,0.0,0.0,999.0,0.0,0.0,0.0,N
1.0,1.0,0.0,1.0,0.0,1.0,1.0,1.0,0.0,0.0,0.0,150.87,0.0,0.0,0.0,1.0,1.0,1.0,0.0,0.0,0.0,1.0,1.0,0.0,0.0,0.0,1.0,1.0,1.0,999.0,0.0,0.0,0.0,Y
1.0,1.0,0.0,1.0,0.0,1.0,1.0,1.0,0.0,0.0,0.0,41.05,0.0,0.0,0.0,1.0,1.0,1.0,0.0,0.0,0.0,1.0,1.0,0.0,0.0,0.0,1.0,1.0,1.0,999.0,0.0,0.0,0.0,Y
1.0,1.0,0.0,1.0,0.0,1.0,1.0,1.0,0.0,0.0,0.0,65.71,0.0,0.0,0.0,1.0,1.0,1.0,0.0,0.0,0.0,1.0,1.0,0.0,0.0,0.0,1.0,1.0,1.0,999.0,0.0,0.0,0.0,Y
1.0,1.0,0.0,1.0,0.0,1.0,1.0,1.0,0.0,0.0,0.0,27.29,0.0,0.0,0.0,1.0,1.0,1.0,0.0,0.0,0.0,1.0,1.0,0.0,0.0,0.0,1.0,1.0,1.0,999.0,0.0,0.0,0.0,Y
1.0,1.0,0.0,1.0,0.0,1.0,1.0,1.0,0.0,0.0,0.0,20.29,0.0,0.0,0.0,1.0,1.0,1.0,0.0,0.0,0.0,1.0,1.0,0.0,0.0,0.0,1.0,1.0,1.0,999.0,0.0,0.0,0.0,Y
1.0,1.0,0.0,1.0,0.0,1.0,1.0,1.0,0.0,0.0,0.0,111.009999,0.0,0.0,0.0,1.0,1.0,1.0,0.0,0.0,0.0,1.0,1.0,0.0,0.0,0.0,1.0,1.0,1.0,999.0,0.0,0.0,0.0,Y
2.0,2.0,0.0,1.0,1.0,2.0,2.0,2.0,0.0,0.0,0.0,58.489999,0.0,0.0,0.0,1.0,1.0,1.0,1.0,1.0,1.0,2.0,2.0,0.0,0.0,0.0,1.0,1.0,1.0,0.0,1.0,1.0,1.0,N
1.0,1.0,0.0,0.0,1.0,1.0,1.0,1.0,0.0,0.0,0.0,0.0,0.0,0.0,0.0,0.0,0.0,0.0,1.0,1.0,1.0,1.0,1.0,0.0,0.0,0.0,0.0,0.0,0.0,0.0,1.0,1.0,1.0,Y
1.0,1.0,241.48,0.0,0.0,1.0,1.0,1.0,241.48,241.48,241.48,0.0,1.0,1.0,1.0,0.0,0.0,0.0,0.0,0.0,0.0,1.0,1.0,241.48,241.48,241.48,0.0,0.0,0.0,999.0,0.0,0.0,0.0,N
1.0,1.0,0.0,1.0,0.0,1.0,1.0,1.0,0.0,0.0,0.0,39.42,0.0,0.0,0.0,1.0,1.0,1.0,0.0,0.0,0.0,1.0,1.0,0.0,0.0,0.0,1.0,1.0,1.0,999.0,0.0,0.0,0.0,Y
1.0,1.0,47.29,0.0,0.0,1.0,1.0,1.0,47.29,47.29,47.29,0.0,1.0,1.0,1.0,0.0,0.0,0.0,0.0,0.0,0.0,1.0,1.0,47.29,47.29,47.29,0.0,0.0,0.0,999.0,0.0,0.0,0.0,Y
1.0,1.0,0.0,1.0,0.0,1.0,1.0,1.0,0.0,0.0,0.0,89.17,0.0,0.0,0.0,1.0,1.0,1.0,0.0,0.0,0.0,1.0,1.0,0.0,0.0,0.0,1.0,1.0,1.0,999.0,0.0,0.0,0.0,Y
1.0,1.0,0.0,1.0,0.0,1.0,1.0,1.0,0.0,0.0,0.0,49.519999,0.0,0.0,0.0,1.0,1.0,1.0,0.0,0.0,0.0,1.0,1.0,0.0,0.0,0.0,1.0,1.0,1.0,999.0,0.0,0.0,0.0,Y
1.0,1.0,0.0,1.0,0.0,1.0,1.0,1.0,0.0,0.0,0.0,78.19,0.0,0.0,0.0,1.0,1.0,1.0,0.0,0.0,0.0,1.0,1.0,0.0,0.0,0.0,1.0,1.0,1.0,999.0,0.0,0.0,0.0,Y
1.0,1.0,0.0,1.0,0.0,1.0,1.0,1.0,0.0,0.0,0.0,97.03,0.0,0.0,0.0,1.0,1.0,1.0,0.0,0.0,0.0,1.0,1.0,0.0,0.0,0.0,1.0,1.0,1.0,999.0,0.0,0.0,0.0,Y
1.0,1.0,0.0,1.0,0.0,1.0,1.0,1.0,0.0,0.0,0.0,290.61,0.0,0.0,0.0,1.0,1.0,1.0,0.0,0.0,0.0,1.0,1.0,0.0,0.0,0.0,1.0,1.0,1.0,999.0,0.0,0.0,0.0,N
1.0,1.0,44.1,0.0,0.0,1.0,1.0,1.0,44.1,44.1,44.1,0.0,1.0,1.0,1.0,0.0,0.0,0.0,0.0,0.0,0.0,1.0,1.0,44.1,44.1,44.1,0.0,0.0,0.0,999.0,0.0,0.0,0.0,Y
1.0,1.0,0.0,1.0,0.0,1.0,1.0,1.0,0.0,0.0,0.0,192.41,0.0,0.0,0.0,1.0,1.0,1.0,0.0,0.0,0.0,1.0,1.0,0.0,0.0,0.0,1.0,1.0,1.0,999.0,0.0,0.0,0.0,N
1.0,1.0,0.0,1.0,0.0,1.0,1.0,1.0,0.0,0.0,0.0,211.6,0.0,0.0,0.0,1.0,1.0,1.0,0.0,0.0,0.0,1.0,1.0,0.0,0.0,0.0,1.0,1.0,1.0,999.0,0.0,0.0,0.0,N
1.0,1.0,95.31,0.0,0.0,1.0,1.0,1.0,95.31,95.31,95.31,0.0,1.0,1.0,1.0,0.0,0.0,0.0,0.0,0.0,0.0,1.0,1.0,95.31,95.31,95.31,0.0,0.0,0.0,999.0,0.0,0.0,0.0,N
1.0,1.0,242.22,0.0,0.0,1.0,1.0,1.0,242.22,242.22,242.22,0.0,1.0,1.0,1.0,0.0,0.0,0.0,0.0,0.0,0.0,1.0,1.0,242.22,242.22,242.22,0.0,0.0,0.0,999.0,0.0,0.0,0.0,N
1.0,1.0,0.0,1.0,0.0,2.0,1.0,1.0,242.22,121.11,121.11,72.899999,1.0,0.5,0.5,1.0,0.5,0.5,0.0,0.0,0.0,1.0,1.0,0.0,0.0,0.0,1.0,1.0,1.0,999.0,0.0,0.0,0.0,N
1.0,1.0,0.0,1.0,0.0,1.0,1.0,1.0,0.0,0.0,0.0,98.6,0.0,0.0,0.0,1.0,1.0,1.0,0.0,0.0,0.0,1.0,1.0,0.0,0.0,0.0,1.0,1.0,1.0,999.0,0.0,0.0,0.0,Y
1.0,1.0,0.0,0.0,1.0,1.0,1.0,1.0,0.0,0.0,0.0,0.0,0.0,0.0,0.0,0.0,0.0,0.0,1.0,1.0,1.0,1.0,1.0,0.0,0.0,0.0,0.0,0.0,0.0,0.0,1.0,1.0,1.0,Y
1.0,1.0,0.0,1.0,0.0,1.0,1.0,1.0,0.0,0.0,0.0,67.6,0.0,0.0,0.0,1.0,1.0,1.0,0.0,0.0,0.0,1.0,1.0,0.0,0.0,0.0,1.0,1.0,1.0,999.0,0.0,0.0,0.0,Y
1.0,1.0,77.06,0.0,0.0,1.0,1.0,1.0,77.06,77.06,77.06,0.0,1.0,1.0,1.0,0.0,0.0,0.0,0.0,0.0,0.0,1.0,1.0,77.06,77.06,77.06,0.0,0.0,0.0,999.0,0.0,0.0,0.0,N
1.0,1.0,0.0,1.0,0.0,1.0,1.0,1.0,0.0,0.0,0.0,308.64,0.0,0.0,0.0,1.0,1.0,1.0,0.0,0.0,0.0,1.0,1.0,0.0,0.0,0.0,1.0,1.0,1.0,999.0,0.0,0.0,0.0,N
1.0,1.0,0.0,1.0,0.0,1.0,1.0,1.0,0.0,0.0,0.0,86.149999,0.0,0.0,0.0,1.0,1.0,1.0,0.0,0.0,0.0,1.0,1.0,0.0,0.0,0.0,1.0,1.0,1.0,999.0,0.0,0.0,0.0,Y
1.0,1.0,0.0,1.0,0.0,1.0,1.0,1.0,0.0,0.0,0.0,261.24,0.0,0.0,0.0,1.0,1.0,1.0,0.0,0.0,0.0,1.0,1.0,0.0,0.0,0.0,1.0,1.0,1.0,999.0,0.0,0.0,0.0,N
1.0,1.0,99.82,0.0,0.0,1.0,1.0,1.0,99.82,99.82,99.82,0.0,1.0,1.0,1.0,0.0,0.0,0.0,0.0,0.0,0.0,1.0,1.0,99.82,99.82,99.82,0.0,0.0,0.0,999.0,0.0,0.0,0.0,N
1.0,1.0,0.0,1.0,0.0,1.0,1.0,1.0,0.0,0.0,0.0,209.95,0.0,0.0,0.0,1.0,1.0,1.0,0.0,0.0,0.0,1.0,1.0,0.0,0.0,0.0,1.0,1.0,1.0,999.0,0.0,0.0,0.0,N
1.0,1.0,0.0,1.0,0.0,1.0,1.0,1.0,0.0,0.0,0.0,118.02,0.0,0.0,0.0,1.0,1.0,1.0,0.0,0.0,0.0,1.0,1.0,0.0,0.0,0.0,1.0,1.0,1.0,999.0,0.0,0.0,0.0,Y
1.0,1.0,60.849999,0.0,0.0,1.0,1.0,1.0,60.849999,60.849999,60.849999,0.0,1.0,1.0,1.0,0.0,0.0,0.0,0.0,0.0,0.0,1.0,1.0,60.849999,60.849999,60.849999,0.0,0.0,0.0,999.0,0.0,0.0,0.0,N
1.0,1.0,179.16,0.0,0.0,1.0,1.0,1.0,179.16,179.16,179.16,0.0,1.0,1.0,1.0,0.0,0.0,0.0,0.0,0.0,0.0,1.0,1.0,179.16,179.16,179.16,0.0,0.0,0.0,999.0,0.0,0.0,0.0,N
1.0,1.0,317.349998,0.0,0.0,1.0,1.0,1.0,317.349998,317.349998,317.349998,0.0,1.0,1.0,1.0,0.0,0.0,0.0,0.0,0.0,0.0,1.0,1.0,317.349998,317.349998,317.349998,0.0,0.0,0.0,999.0,0.0,0.0,0.0,N
1.0,1.0,0.0,1.0,0.0,1.0,1.0,1.0,0.0,0.0,0.0,47.69,0.0,0.0,0.0,1.0,1.0,1.0,0.0,0.0,0.0,1.0,1.0,0.0,0.0,0.0,1.0,1.0,1.0,999.0,0.0,0.0,0.0,Y
1.0,1.0,85.14,0.0,0.0,1.0,1.0,1.0,85.14,85.14,85.14,0.0,1.0,1.0,1.0,0.0,0.0,0.0,0.0,0.0,0.0,1.0,1.0,85.14,85.14,85.14,0.0,0.0,0.0,999.0,0.0,0.0,0.0,N
1.0,1.0,0.0,1.0,0.0,1.0,1.0,1.0,0.0,0.0,0.0,163.679998,0.0,0.0,0.0,1.0,1.0,1.0,0.0,0.0,0.0,1.0,1.0,0.0,0.0,0.0,1.0,1.0,1.0,999.0,0.0,0.0,0.0,N
1.0,1.0,0.0,1.0,0.0,1.0,1.0,1.0,0.0,0.0,0.0,269.64,0.0,0.0,0.0,1.0,1.0,1.0,0.0,0.0,0.0,1.0,1.0,0.0,0.0,0.0,1.0,1.0,1.0,999.0,0.0,0.0,0.0,N
1.0,1.0,0.0,1.0,0.0,1.0,1.0,1.0,0.0,0.0,0.0,66.009999,0.0,0.0,0.0,1.0,1.0,1.0,0.0,0.0,0.0,1.0,1.0,0.0,0.0,0.0,1.0,1.0,1.0,999.0,0.0,0.0,0.0,Y
1.0,1.0,0.0,1.0,0.0,1.0,1.0,1.0,0.0,0.0,0.0,117.509999,0.0,0.0,0.0,1.0,1.0,1.0,0.0,0.0,0.0,1.0,1.0,0.0,0.0,0.0,1.0,1.0,1.0,999.0,0.0,0.0,0.0,Y
1.0,1.0,419.159998,0.0,0.0,1.0,1.0,1.0,419.159998,419.159998,419.159998,0.0,1.0,1.0,1.0,0.0,0.0,0.0,0.0,0.0,0.0,1.0,1.0,419.159998,419.159998,419.159998,0.0,0.0,0.0,999.0,0.0,0.0,0.0,N
1.0,1.0,0.0,1.0,0.0,1.0,1.0,1.0,0.0,0.0,0.0,949.92,0.0,0.0,0.0,1.0,1.0,1.0,0.0,0.0,0.0,1.0,1.0,0.0,0.0,0.0,1.0,1.0,1.0,999.0,0.0,0.0,0.0,N
1.0,1.0,0.0,1.0,0.0,1.0,1.0,1.0,0.0,0.0,0.0,222.239998,0.0,0.0,0.0,1.0,1.0,1.0,0.0,0.0,0.0,1.0,1.0,0.0,0.0,0.0,1.0,1.0,1.0,999.0,0.0,0.0,0.0,N
1.0,1.0,0.0,1.0,0.0,1.0,1.0,1.0,0.0,0.0,0.0,39.28,0.0,0.0,0.0,1.0,1.0,1.0,0.0,0.0,0.0,1.0,1.0,0.0,0.0,0.0,1.0,1.0,1.0,999.0,0.0,0.0,0.0,Y
1.0,1.0,88.72,0.0,0.0,1.0,1.0,1.0,88.72,88.72,88.72,0.0,1.0,1.0,1.0,0.0,0.0,0.0,0.0,0.0,0.0,1.0,1.0,88.72,88.72,88.72,0.0,0.0,0.0,999.0,0.0,0.0,0.0,N
1.0,1.0,913.68,0.0,0.0,1.0,1.0,1.0,913.68,913.68,913.68,0.0,1.0,1.0,1.0,0.0,0.0,0.0,0.0,0.0,0.0,1.0,1.0,913.68,913.68,913.68,0.0,0.0,0.0,999.0,0.0,0.0,0.0,N
1.0,1.0,0.0,1.0,0.0,1.0,1.0,1.0,0.0,0.0,0.0,85.6,0.0,0.0,0.0,1.0,1.0,1.0,0.0,0.0,0.0,1.0,1.0,0.0,0.0,0.0,1.0,1.0,1.0,999.0,0.0,0.0,0.0,Y
1.0,1.0,62.83,0.0,0.0,1.0,1.0,1.0,62.83,62.83,62.83,0.0,1.0,1.0,1.0,0.0,0.0,0.0,0.0,0.0,0.0,1.0,1.0,62.83,62.83,62.83,0.0,0.0,0.0,999.0,0.0,0.0,0.0,N
1.0,1.0,0.0,1.0,0.0,1.0,1.0,1.0,0.0,0.0,0.0,72.149999,0.0,0.0,0.0,1.0,1.0,1.0,0.0,0.0,0.0,1.0,1.0,0.0,0.0,0.0,1.0,1.0,1.0,999.0,0.0,0.0,0.0,Y
1.0,1.0,1669.879999,0.0,0.0,1.0,1.0,1.0,1669.879999,1669.879999,1669.879999,0.0,1.0,1.0,1.0,0.0,0.0,0.0,0.0,0.0,0.0,1.0,1.0,1669.879999,1669.879999,1669.879999,0.0,0.0,0.0,999.0,0.0,0.0,0.0,N
1.0,1.0,103.16,0.0,0.0,1.0,1.0,1.0,103.16,103.16,103.16,0.0,1.0,1.0,1.0,0.0,0.0,0.0,0.0,0.0,0.0,1.0,1.0,103.16,103.16,103.16,0.0,0.0,0.0,999.0,0.0,0.0,0.0,N
1.0,1.0,0.0,1.0,0.0,1.0,1.0,1.0,0.0,0.0,0.0,305.7,0.0,0.0,0.0,1.0,1.0,1.0,0.0,0.0,0.0,1.0,1.0,0.0,0.0,0.0,1.0,1.0,1.0,999.0,0.0,0.0,0.0,N
1.0,1.0,0.0,1.0,0.0,1.0,1.0,1.0,0.0,0.0,0.0,147.15,0.0,0.0,0.0,1.0,1.0,1.0,0.0,0.0,0.0,1.0,1.0,0.0,0.0,0.0,1.0,1.0,1.0,999.0,0.0,0.0,0.0,Y
1.0,1.0,0.0,1.0,0.0,1.0,1.0,1.0,0.0,0.0,0.0,68.13,0.0,0.0,0.0,1.0,1.0,1.0,0.0,0.0,0.0,1.0,1.0,0.0,0.0,0.0,1.0,1.0,1.0,999.0,0.0,0.0,0.0,Y
1.0,1.0,0.0,1.0,0.0,1.0,1.0,1.0,0.0,0.0,0.0,127.14,0.0,0.0,0.0,1.0,1.0,1.0,0.0,0.0,0.0,1.0,1.0,0.0,0.0,0.0,1.0,1.0,1.0,999.0,0.0,0.0,0.0,Y
1.0,1.0,0.0,1.0,0.0,1.0,1.0,1.0,0.0,0.0,0.0,230.859999,0.0,0.0,0.0,1.0,1.0,1.0,0.0,0.0,0.0,1.0,1.0,0.0,0.0,0.0,1.0,1.0,1.0,999.0,0.0,0.0,0.0,N
1.0,1.0,0.0,1.0,0.0,1.0,1.0,1.0,0.0,0.0,0.0,102.03,0.0,0.0,0.0,1.0,1.0,1.0,0.0,0.0,0.0,1.0,1.0,0.0,0.0,0.0,1.0,1.0,1.0,999.0,0.0,0.0,0.0,Y
1.0,1.0,0.0,1.0,0.0,1.0,1.0,1.0,0.0,0.0,0.0,35.69,0.0,0.0,0.0,1.0,1.0,1.0,0.0,0.0,0.0,1.0,1.0,0.0,0.0,0.0,1.0,1.0,1.0,999.0,0.0,0.0,0.0,Y
1.0,1.0,0.0,1.0,0.0,1.0,1.0,1.0,0.0,0.0,0.0,37.9,0.0,0.0,0.0,1.0,1.0,1.0,0.0,0.0,0.0,1.0,1.0,0.0,0.0,0.0,1.0,1.0,1.0,999.0,0.0,0.0,0.0,Y
1.0,1.0,0.0,1.0,0.0,1.0,1.0,1.0,0.0,0.0,0.0,266.86,0.0,0.0,0.0,1.0,1.0,1.0,0.0,0.0,0.0,1.0,1.0,0.0,0.0,0.0,1.0,1.0,1.0,999.0,0.0,0.0,0.0,N
1.0,1.0,0.0,1.0,0.0,1.0,1.0,1.0,0.0,0.0,0.0,412.419998,0.0,0.0,0.0,1.0,1.0,1.0,0.0,0.0,0.0,1.0,1.0,0.0,0.0,0.0,1.0,1.0,1.0,999.0,0.0,0.0,0.0,N
1.0,1.0,0.0,1.0,0.0,1.0,1.0,1.0,0.0,0.0,0.0,219.28,0.0,0.0,0.0,1.0,1.0,1.0,0.0,0.0,0.0,1.0,1.0,0.0,0.0,0.0,1.0,1.0,1.0,999.0,0.0,0.0,0.0,N
1.0,1.0,108.0,0.0,0.0,1.0,1.0,1.0,108.0,108.0,108.0,0.0,1.0,1.0,1.0,0.0,0.0,0.0,0.0,0.0,0.0,1.0,1.0,108.0,108.0,108.0,0.0,0.0,0.0,999.0,0.0,0.0,0.0,N
1.0,1.0,0.0,1.0,0.0,1.0,1.0,1.0,0.0,0.0,0.0,66.24,0.0,0.0,0.0,1.0,1.0,1.0,0.0,0.0,0.0,1.0,1.0,0.0,0.0,0.0,1.0,1.0,1.0,999.0,0.0,0.0,0.0,Y
1.0,1.0,0.0,1.0,0.0,1.0,1.0,1.0,0.0,0.0,0.0,82.92,0.0,0.0,0.0,1.0,1.0,1.0,0.0,0.0,0.0,1.0,1.0,0.0,0.0,0.0,1.0,1.0,1.0,999.0,0.0,0.0,0.0,Y
1.0,1.0,83.369998,0.0,0.0,1.0,1.0,1.0,83.369998,83.369998,83.369998,0.0,1.0,1.0,1.0,0.0,0.0,0.0,0.0,0.0,0.0,1.0,1.0,83.369998,83.369998,83.369998,0.0,0.0,0.0,999.0,0.0,0.0,0.0,N
1.0,1.0,0.0,1.0,0.0,1.0,1.0,1.0,0.0,0.0,0.0,62.779999,0.0,0.0,0.0,1.0,1.0,1.0,0.0,0.0,0.0,1.0,1.0,0.0,0.0,0.0,1.0,1.0,1.0,999.0,0.0,0.0,0.0,Y
1.0,1.0,0.0,1.0,0.0,1.0,1.0,1.0,0.0,0.0,0.0,350.56,0.0,0.0,0.0,1.0,1.0,1.0,0.0,0.0,0.0,1.0,1.0,0.0,0.0,0.0,1.0,1.0,1.0,999.0,0.0,0.0,0.0,N
1.0,1.0,37.72,0.0,0.0,1.0,1.0,1.0,37.72,37.72,37.72,0.0,1.0,1.0,1.0,0.0,0.0,0.0,0.0,0.0,0.0,1.0,1.0,37.72,37.72,37.72,0.0,0.0,0.0,999.0,0.0,0.0,0.0,Y
1.0,1.0,0.0,1.0,0.0,1.0,1.0,1.0,0.0,0.0,0.0,42.78,0.0,0.0,0.0,1.0,1.0,1.0,0.0,0.0,0.0,1.0,1.0,0.0,0.0,0.0,1.0,1.0,1.0,999.0,0.0,0.0,0.0,Y
1.0,1.0,43.69,0.0,0.0,1.0,1.0,1.0,43.69,43.69,43.69,0.0,1.0,1.0,1.0,0.0,0.0,0.0,0.0,0.0,0.0,1.0,1.0,43.69,43.69,43.69,0.0,0.0,0.0,999.0,0.0,0.0,0.0,Y
1.0,1.0,0.0,1.0,0.0,1.0,1.0,1.0,0.0,0.0,0.0,43.91,0.0,0.0,0.0,1.0,1.0,1.0,0.0,0.0,0.0,1.0,1.0,0.0,0.0,0.0,1.0,1.0,1.0,999.0,0.0,0.0,0.0,Y
1.0,1.0,42.79,0.0,0.0,1.0,1.0,1.0,42.79,42.79,42.79,0.0,1.0,1.0,1.0,0.0,0.0,0.0,0.0,0.0,0.0,1.0,1.0,42.79,42.79,42.79,0.0,0.0,0.0,999.0,0.0,0.0,0.0,Y
1.0,1.0,0.0,1.0,0.0,1.0,1.0,1.0,0.0,0.0,0.0,29.099999,0.0,0.0,0.0,1.0,1.0,1.0,0.0,0.0,0.0,1.0,1.0,0.0,0.0,0.0,1.0,1.0,1.0,999.0,0.0,0.0,0.0,Y
1.0,1.0,0.0,1.0,0.0,1.0,1.0,1.0,0.0,0.0,0.0,184.519998,0.0,0.0,0.0,1.0,1.0,1.0,0.0,0.0,0.0,1.0,1.0,0.0,0.0,0.0,1.0,1.0,1.0,999.0,0.0,0.0,0.0,N
1.0,1.0,0.0,1.0,0.0,1.0,1.0,1.0,0.0,0.0,0.0,159.109999,0.0,0.0,0.0,1.0,1.0,1.0,0.0,0.0,0.0,1.0,1.0,0.0,0.0,0.0,1.0,1.0,1.0,999.0,0.0,0.0,0.0,N
1.0,1.0,0.0,1.0,0.0,1.0,1.0,1.0,0.0,0.0,0.0,168.329999,0.0,0.0,0.0,1.0,1.0,1.0,0.0,0.0,0.0,1.0,1.0,0.0,0.0,0.0,1.0,1.0,1.0,999.0,0.0,0.0,0.0,N
1.0,1.0,0.0,1.0,0.0,1.0,1.0,1.0,0.0,0.0,0.0,89.36,0.0,0.0,0.0,1.0,1.0,1.0,0.0,0.0,0.0,1.0,1.0,0.0,0.0,0.0,1.0,1.0,1.0,999.0,0.0,0.0,0.0,Y
1.0,1.0,37.23,0.0,0.0,1.0,1.0,1.0,37.23,37.23,37.23,0.0,1.0,1.0,1.0,0.0,0.0,0.0,0.0,0.0,0.0,1.0,1.0,37.23,37.23,37.23,0.0,0.0,0.0,999.0,0.0,0.0,0.0,Y
2.0,2.0,0.0,1.0,1.0,2.0,2.0,2.0,0.0,0.0,0.0,7.899998,0.0,0.0,0.0,1.0,1.0,1.0,1.0,1.0,1.0,2.0,2.0,0.0,0.0,0.0,1.0,1.0,1.0,0.0,1.0,1.0,1.0,N
1.0,1.0,0.0,1.0,0.0,1.0,1.0,1.0,0.0,0.0,0.0,70.399999,0.0,0.0,0.0,1.0,1.0,1.0,0.0,0.0,0.0,1.0,1.0,0.0,0.0,0.0,1.0,1.0,1.0,999.0,0.0,0.0,0.0,Y
1.0,1.0,0.0,1.0,0.0,1.0,1.0,1.0,0.0,0.0,0.0,81.789999,0.0,0.0,0.0,1.0,1.0,1.0,0.0,0.0,0.0,1.0,1.0,0.0,0.0,0.0,1.0,1.0,1.0,999.0,0.0,0.0,0.0,Y
1.0,1.0,0.0,1.0,0.0,1.0,1.0,1.0,0.0,0.0,0.0,17.29,0.0,0.0,0.0,1.0,1.0,1.0,0.0,0.0,0.0,1.0,1.0,0.0,0.0,0.0,1.0,1.0,1.0,999.0,0.0,0.0,0.0,Y
1.0,1.0,0.0,1.0,0.0,1.0,1.0,1.0,0.0,0.0,0.0,39.36,0.0,0.0,0.0,1.0,1.0,1.0,0.0,0.0,0.0,1.0,1.0,0.0,0.0,0.0,1.0,1.0,1.0,999.0,0.0,0.0,0.0,Y
1.0,1.0,0.0,1.0,0.0,2.0,1.0,1.0,0.0,0.0,0.0,75.31,0.0,0.0,0.0,2.0,1.0,1.0,0.0,0.0,0.0,1.0,1.0,0.0,0.0,0.0,1.0,1.0,1.0,999.0,0.0,0.0,0.0,Y
1.0,1.0,0.0,1.0,0.0,1.0,1.0,1.0,0.0,0.0,0.0,56.849999,0.0,0.0,0.0,1.0,1.0,1.0,0.0,0.0,0.0,1.0,1.0,0.0,0.0,0.0,1.0,1.0,1.0,999.0,0.0,0.0,0.0,Y
1.0,1.0,51.0,0.0,0.0,1.0,1.0,1.0,51.0,51.0,51.0,0.0,1.0,1.0,1.0,0.0,0.0,0.0,0.0,0.0,0.0,1.0,1.0,51.0,51.0,51.0,0.0,0.0,0.0,999.0,0.0,0.0,0.0,Y
1.0,1.0,0.0,1.0,0.0,1.0,1.0,1.0,0.0,0.0,0.0,206.989998,0.0,0.0,0.0,1.0,1.0,1.0,0.0,0.0,0.0,1.0,1.0,0.0,0.0,0.0,1.0,1.0,1.0,999.0,0.0,0.0,0.0,N
1.0,1.0,0.0,1.0,0.0,1.0,1.0,1.0,0.0,0.0,0.0,42.769999,0.0,0.0,0.0,1.0,1.0,1.0,0.0,0.0,0.0,1.0,1.0,0.0,0.0,0.0,1.0,1.0,1.0,999.0,0.0,0.0,0.0,Y
1.0,1.0,111.809998,0.0,0.0,1.0,1.0,1.0,111.809998,111.809998,111.809998,0.0,1.0,1.0,1.0,0.0,0.0,0.0,0.0,0.0,0.0,1.0,1.0,111.809998,111.809998,111.809998,0.0,0.0,0.0,999.0,0.0,0.0,0.0,N
1.0,1.0,0.0,1.0,0.0,1.0,1.0,1.0,0.0,0.0,0.0,100.33,0.0,0.0,0.0,1.0,1.0,1.0,0.0,0.0,0.0,1.0,1.0,0.0,0.0,0.0,1.0,1.0,1.0,999.0,0.0,0.0,0.0,Y
1.0,1.0,0.0,1.0,0.0,1.0,1.0,1.0,0.0,0.0,0.0,28.619999,0.0,0.0,0.0,1.0,1.0,1.0,0.0,0.0,0.0,1.0,1.0,0.0,0.0,0.0,1.0,1.0,1.0,999.0,0.0,0.0,0.0,Y
1.0,1.0,192.66,0.0,0.0,1.0,1.0,1.0,192.66,192.66,192.66,0.0,1.0,1.0,1.0,0.0,0.0,0.0,0.0,0.0,0.0,1.0,1.0,192.66,192.66,192.66,0.0,0.0,0.0,999.0,0.0,0.0,0.0,N
1.0,1.0,55.089999,0.0,0.0,1.0,1.0,1.0,55.089999,55.089999,55.089999,0.0,1.0,1.0,1.0,0.0,0.0,0.0,0.0,0.0,0.0,1.0,1.0,55.089999,55.089999,55.089999,0.0,0.0,0.0,999.0,0.0,0.0,0.0,N
1.0,1.0,0.0,0.0,1.0,2.0,1.0,1.0,55.089999,27.544998,27.544998,0.0,1.0,0.5,0.5,0.0,0.0,0.0,1.0,0.5,0.5,1.0,1.0,0.0,0.0,0.0,0.0,0.0,0.0,0.0,1.0,1.0,1.0,Y
1.0,1.0,0.0,1.0,0.0,1.0,1.0,1.0,0.0,0.0,0.0,92.69,0.0,0.0,0.0,1.0,1.0,1.0,0.0,0.0,0.0,1.0,1.0,0.0,0.0,0.0,1.0,1.0,1.0,999.0,0.0,0.0,0.0,Y
1.0,1.0,0.0,1.0,0.0,1.0,1.0,1.0,0.0,0.0,0.0,113.8,0.0,0.0,0.0,1.0,1.0,1.0,0.0,0.0,0.0,1.0,1.0,0.0,0.0,0.0,1.0,1.0,1.0,999.0,0.0,0.0,0.0,Y
1.0,1.0,213.09,0.0,0.0,1.0,1.0,1.0,213.09,213.09,213.09,0.0,1.0,1.0,1.0,0.0,0.0,0.0,0.0,0.0,0.0,1.0,1.0,213.09,213.09,213.09,0.0,0.0,0.0,999.0,0.0,0.0,0.0,N
1.0,1.0,50.099999,0.0,0.0,1.0,1.0,1.0,50.099999,50.099999,50.099999,0.0,1.0,1.0,1.0,0.0,0.0,0.0,0.0,0.0,0.0,1.0,1.0,50.099999,50.099999,50.099999,0.0,0.0,0.0,999.0,0.0,0.0,0.0,Y
1.0,1.0,0.0,0.0,1.0,1.0,1.0,1.0,0.0,0.0,0.0,0.0,0.0,0.0,0.0,0.0,0.0,0.0,1.0,1.0,1.0,1.0,1.0,0.0,0.0,0.0,0.0,0.0,0.0,0.0,1.0,1.0,1.0,Y
1.0,1.0,0.0,1.0,0.0,1.0,1.0,1.0,0.0,0.0,0.0,282.52,0.0,0.0,0.0,1.0,1.0,1.0,0.0,0.0,0.0,1.0,1.0,0.0,0.0,0.0,1.0,1.0,1.0,999.0,0.0,0.0,0.0,N
1.0,1.0,0.0,1.0,0.0,1.0,1.0,1.0,0.0,0.0,0.0,26.77,0.0,0.0,0.0,1.0,1.0,1.0,0.0,0.0,0.0,1.0,1.0,0.0,0.0,0.0,1.0,1.0,1.0,999.0,0.0,0.0,0.0,Y
1.0,1.0,0.0,1.0,0.0,1.0,1.0,1.0,0.0,0.0,0.0,155.519998,0.0,0.0,0.0,1.0,1.0,1.0,0.0,0.0,0.0,1.0,1.0,0.0,0.0,0.0,1.0,1.0,1.0,999.0,0.0,0.0,0.0,N
